Belle_II x,Belle_II y,LHCbD x,LHCbD y,STAR x,STAR y,HPS x,HPS y,LHCb_mumu_1 x,LHCb_mumu_1 y,LHCb_mumu_2 x,LHCb_mumu_2 y
0.019783188827841643,0.002591610096540726,0.0027570233256095826,0.002700331180068974,0.010023075482838654,0.0007205117021047043,0.038599936176797675,3.283966825099492e-05,0.20764301072557748,0.00048179038449864615,0.20764301072557748,4.358922134112029e-06
0.020012497989690372,0.00010128431323148776,0.0027889802923804397,0.0016817895085557456,0.010139254075588154,0.000712153681812473,0.03686095362172158,2.8219121378139655e-05,0.21004982416539153,4.884086859472182e-05,0.21004982416539153,1.6965192742341023e-06
0.020244465099768037,0.00010213435570239122,0.002821307675939471,0.0014968498521096424,0.010256779307444218,0.0007038926155363968,0.03686095362172158,2.3623836140157845e-05,0.21248453524988828,4.0847510345250676e-05,0.21248453524988828,1.6342055198149704e-06
0.020479120966650853,0.0001029915322711553,0.0028540097698292375,0.0013322472689729073,0.01037566678745186,0.0006957273785985101,0.038599936176797675,1.813482045902639e-05,0.21494746734379805,4.0022804816132735e-05,0.21494746734379805,1.5741805716880987e-06
0.020716496756020688,0.00010385590281167339,0.0028870909173592347,0.0011857453726465976,0.010495932305582278,0.0006876568593672448,0.0390473523688556,1.7754006475331603e-05,0.217438947560008,3.9214749976469587e-05,0.217438947560008,1.5163603611869094e-06
0.02095662399480433,0.00010472752770033875,0.002920555512182745,0.0010571940542567866,0.010617591834830001,0.0006796799591060915,0.03949995461220643,1.7381189223145997e-05,0.2199593068030075,3.8423009651166444e-05,0.2199593068030075,1.4606639075167554e-06
0.02119953457536071,0.00010560646782026178,0.00295440799888038,0.000947816629185245,0.010740661533334334,0.0006717955918240094,0.039957803018952694,1.7016200778712596e-05,0.22250887981283693,3.764725445245699e-05,0.22250887981283693,1.4070132043362804e-06
0.021445260759716676,0.000104772069709598,0.0029886528735503827,0.0008497554057770688,0.010865157746525383,0.0006640026841275842,0.04042095839796308,1.6658876744513705e-05,0.22508800520954617,3.6887161642867705e-05,0.22508800520954617,1.3553331105047097e-06
0.021693835183851845,0.00010339964607986234,0.0030232946844057766,0.000761839608435726,0.010991097009294973,0.0006563001750748889,0.040889482262948626,1.6309056175223174e-05,0.227697025538168,3.617012200769697e-05,0.227697025538168,1.3071430912593713e-06
0.021945290862033135,0.0001020452000144214,0.003058338032378432,0.0006830195901498767,0.01111849604819271,0.000648687016031049,0.041363436840632754,1.596104216855315e-05,0.23033628731421313,3.6330161818708606e-05,0.23033628731421313,1.3098015370205491e-06
0.022199661191199548,0.00010070849602270816,0.0030937875717301365,0.0006198472562940855,0.01124737178364752,0.0006411621705254778,0.041842885079015825,1.5568632978137648e-05,0.23300614106969247,3.649090974845712e-05,0.23300614106969247,1.312465389484262e-06
0.02245697995539774,9.938930169887947e-05,0.0031296480106707504,0.0005870789331046747,0.011377741332214914,0.000633724614110767,0.04232789065573551,1.5185871338997109e-05,0.23570694139967277,3.665236893011382e-05,0.23570694139967277,1.3151346596465707e-06
0.02271728133026905,9.808738768140774e-05,0.0031659241119835206,0.000556042912500687,0.011509622008850324,0.0006263733342232206,0.042818517986524134,1.4812520061871226e-05,0.23843904700937205,3.6814542510713196e-05,0.23843904700937205,1.3178093585259007e-06
0.02298059988758851,9.680252761320334e-05,0.00320262069365765,0.000526647616032104,0.011643031329208768,0.0006191073300449996,0.043314832233764006,1.4212184912543496e-05,0.2412028207618007,3.697743365121421e-05,0.2412028207618007,1.3204894971630856e-06
0.02324697059985648,9.553449810225906e-05,0.0032397426295281955,0.0004988063065581378,0.011777987011971193,0.0006119256123678684,0.043816899315141926,1.3610707289062178e-05,0.243998629725955,3.714104552656195e-05,0.243998629725955,1.323175086621414e-06
0.023516428844943486,9.428307868281019e-05,0.003277294849923382,0.0004724368323106653,0.01191450698119776,0.0006048272034585243,0.044324785912403984,1.3034684958611098e-05,0.24682684522556925,3.730538132574948e-05,0.24682684522556925,1.3258661379866748e-06
0.023789010410788933,9.304805177700263e-05,0.0033152823423194234,0.00044746138448777253,0.012052609368708425,0.0005978111369254858,0.044838559480211884,1.2483040621024889e-05,0.24968784288843268,3.747044425188005e-05,0.24968784288843268,1.3285626623672027e-06
0.024064751500154243,9.18292026570648e-05,0.0033537101520029287,0.00042380626766215263,0.012192312516491107,0.0005908764575875241,0.04535828825510189,1.195474256884235e-05,0.25258200269627845,3.763623752222946e-05,0.25258200269627845,1.3312646708939251e-06
0.024343688735431104,9.062631940797328e-05,0.003392583382740992,0.0004014016823269188,0.01233363497913776,0.0005840222213436267,0.04588404126454759,1.1620106629089363e-05,0.2555097090352507,3.780276436830887e-05,0.2555097090352507,1.3339721747204067e-06
0.024625859163505466,8.943919289060847e-05,0.0034319071974590427,0.00038018151893714954,0.012476595526308698,0.0005772474950444629,0.046415888336127795,1.1421732985090707e-05,0.2584713507469564,3.797002803592746e-05,0.2584713507469564,1.3366851850228961e-06
0.024911300260677886,8.826761670539262e-05,0.0034716868189265592,0.0003600831628394612,0.012621213145225473,0.0005705513563653437,0.0469539001068006,1.122674589371927e-05,0.26146732118010924,3.813803178525642e-05,0.26146732118010924,1.3394037130003721e-06
0.025200049937640922,8.711138715640416e-05,0.003511927530450728,0.00034593044189360655,0.012767507043192657,0.0005639328936806554,0.04749814803228502,1.103508754115228e-05,0.26449801824277197,3.830677889089148e-05,0.26449801824277197,1.34212776987459e-06
0.025492146544514233,8.597030321596223e-05,0.0035526346765781393,0.0003360830856564218,0.01291549665014884,0.0005573912059397467,0.04804870439655132,1.0846701100540582e-05,0.26756384445520454,3.8476272641917834e-05,0.26756384445520454,1.3448573668901276e-06
0.02578762887593801,8.484416648967493e-05,0.003593813663804626,0.00032651604711643364,0.013065201621247212,0.0005509254025442616,0.048605642321421366,1.0661530715159438e-05,0.27066520700332414,3.8646516341973215e-05,0.27066520700332414,1.3475925153144314e-06
0.02608653617622548,8.373278118194574e-05,0.0036354699612933176,0.0003172213466688164,0.013216641839466052,0.0005445346032268877,0.04916903577628029,1.0479521481846961e-05,0.27380251779278575,3.881751330931304e-05,0.27380251779278575,1.3376256590552385e-06
0.026388908144575104,8.26359540619309e-05,0.0036776091016010306,0.0003081912318584857,0.013369837418249465,0.0005382179379315182,0.04973895958790065,1.0284522854763896e-05,0.27697619350368907,3.898926687687475e-05,0.27697619350368907,1.304682306343352e-06
0.02669478494034321,8.155349442994426e-05,0.0037202366814130658,0.00029941817091399414,0.013524808704178755,0.0005319745466947984,0.05031548945038054,1.0091619044500979e-05,0.28018665564591955,3.9161780392342836e-05,0.28018665564591955,1.2725502901070702e-06
0.027004207188377725,8.048521408430074e-05,0.003763358362286533,0.000290894846465482,0.013681576279674718,0.0005258035795290504,0.05089870193519682,9.90233347501983e-06,0.2834343306151309,3.9335057218214096e-05,0.2834343306151309,1.2412096285648715e-06
0.02731721598441376,8.08360438033874e-05,0.003806979871402284,0.00028261414944146017,0.013840160965731315,0.0005197041963065514,0.05148867450137495,9.716598280028209e-06,0.28671964974937697,3.950910073186316e-05,0.28671964974937697,1.2106408320511402e-06
0.027633852900531698,8.309003079364028e-05,0.003851107002325569,0.0002745691731393303,0.014000583824680975,0.0005136755666451606,0.05208548550577663,9.534346866182274e-06,0.2900430493863992,3.968391432560835e-05,0.2900430493863992,1.2388249131583284e-06
0.027954159990678566,8.54068666952598e-05,0.0038957456157755013,0.00026675320746469386,0.014162866162991988,0.0005077168697952658,0.052689214213506745,9.355513889210207e-06,0.2934049709215787,3.9859501406777743e-05,0.2934049709215787,1.2701918990999584e-06
0.02827817979625341,8.77883039521051e-05,0.003940901640403447,0.00025915973333464156,0.014327029534098309,0.0005018272945280474,0.0532999408084409,9.180035230483678e-06,0.29680586086656024,4.0035865397775656e-05,0.29680586086656024,1.3023530955846721e-06
0.02860595535175742,9.023614387219907e-05,0.003986581073580439,0.00025178241724037044,0.014493095741262165,0.0004960060390250367,0.053917746403875026,9.063131046743535e-06,0.30024617090855493,4.02130097361493e-05,0.30024617090855493,1.335328611984399e-06
0.028937530190509504,9.275223799022915e-05,0.004032789982193705,0.0002463607217895067,0.014661086840469845,0.0004902523107689506,0.05454271305329834,9.01404826797282e-06,0.30372635797033115,4.0390937874655804e-05,0.30372635797033115,1.3691390668393866e-06
0.02927294835042816,9.398667286019233e-05,0.004079534503452449,0.00024201378859535673,0.014831025143361045,0.0004845653264358013,0.05517492376129126,8.965231304532309e-06,0.30724688427090036,4.05696532813295e-05,0.30724688427090036,1.4038056007502999e-06
0.029612254379880344,8.8301796138311e-05,0.004126820845702952,0.00023774355524222547,0.015002933220192183,0.00047894431178825117,0.05581446249454964,8.916678716858234e-06,0.3108082173869064,4.074915943954954e-05,0.3108082173869064,1.409319195319228e-06
0.029955493343598132,8.581934866354412e-05,0.004174655289253135,0.00023354866839309273,0.015176833902834053,0.0004733885015702053,0.0564614141930367,8.868389073183013e-06,0.3144108303147265,4.092945984810777e-05,0.3144108303147265,1.4013914941867215e-06
0.030302710828663964,8.370576998522807e-05,0.0042230441872066725,0.0002294277985900124,0.015352750287804227,0.0004678971394026309,0.05711586478126432,8.820360949493014e-06,0.318055201533292,4.111055802127693e-05,0.318055201533292,1.39350838795185e-06
0.030653952950565267,8.16442450092414e-05,0.004271993966306777,0.0002253796398327748,0.015530705739334601,0.000462469477680579,0.05777790117970504,8.772592929486576e-06,0.32174181506763716,4.1292457488879174e-05,0.32174181506763716,1.385669625759428e-06
0.031009266359319266,7.963349174501804e-05,0.004321511127789762,0.0002214029091650037,0.015710723892474503,0.0004571047774714071,0.05844761131633634,8.725083604532235e-06,0.3254711605531848,4.1475161796354836e-05,0.3254711605531848,1.377874958165391e-06
0.031368698245668764,7.767225977515066e-05,0.004371602248248502,0.00021749634626755884,0.01589282865622978,0.0004518023084141781,0.05912508413831878,8.636255901294634e-06,0.3292437333007769,4.165867450483155e-05,0.3292437333007769,1.3701241371288367e-06
0.03173229634734976,7.575932947780011e-05,0.004422273980505897,0.00021365871305911022,0.016077044216738237,0.00044656134862022616,0.05981040962380941,8.500650955027937e-06,0.33306003436245885,4.184299919119368e-05,0.33306003436245885,1.3624169160041528e-06
0.032100108955431715,7.391112997965111e-05,0.004473533054498463,0.00020988879330376242,0.016263395040481923,0.00044138118457487987,0.06050367879391221,8.367175253385549e-06,0.3369205705980267,4.2028139448152005e-05,0.3369205705980267,1.3547530495331469e-06
0.03247218492073129,7.553066381531705e-05,0.004525386278170167,0.00020618539222560007,0.016451905877536626,0.00043626111104032186,0.061204983724766994,8.235795363349009e-06,0.34082585474234517,4.2214098884313755e-05,0.34082585474234517,1.347132293837261e-06
0.03284857366030044,7.718568472641519e-05,0.004577840538376616,0.00020254733613003437,0.016642601764859037,0.00043120043095957447,0.061914417559778445,8.106478376859176e-06,0.3447764054734464,4.248934261815612e-05,0.3447764054734464,1.3395544064098022e-06
0.033229325163989715,7.887697030245603e-05,0.004630902801799737,0.00019897347203183416,0.016835508029612024,0.00042619845536160566,0.0626320745219869,7.979191902573328e-06,0.34877274748141773,4.299636378804729e-05,0.34877274748141773,1.3320191461082185e-06
0.03361449000108765,8.060531517141981e-05,0.004684580115873045,0.0001957088678076787,0.017030650292528444,0.00042125450326752534,0.0633580499265825,7.900264200125938e-06,0.3528154115380883,4.350943519197075e-05,0.3528154115380883,1.3245262731464428e-06
0.03400411932703706,8.237153137310111e-05,0.004738879609717651,0.00019277072019553706,0.01722805447131394,0.0004163679015978801,0.06409244019356454,7.91385688632505e-06,0.356904934567523,4.4028629026777476e-05,0.356904934567523,1.3170755490872427e-06
0.03439826489022924,8.417644874063539e-05,0.004793808495089107,0.00018987668254881213,0.01742774678408919,0.0004115379850810171,0.06483534286054723,7.927472959225333e-06,0.3610418597173337,4.45540183508364e-05,0.3610418597173337,1.3096667368346523e-06
0.034796979038876914,8.602091529038497e-05,0.004849374067335233,0.00018702609265126938,0.017629753752872058,0.00040676409616251165,0.06558685659571432,7.94111245906445e-06,0.36522673643081754,4.508567709431476e-05,0.36522673643081754,1.3318370384922307e-06
0.03520031472796679,8.790579762036797e-05,0.004905583706365045,0.0001842182982284251,0.01783410220710008,0.00040204558491564876,0.06634708121092348,7.954775426149298e-06,0.36946012051993027,4.562368006958148e-05,0.36946012051993027,1.3581663680069486e-06
0.035608325526292776,8.983198131741852e-05,0.004962444877628913,0.000181452656798296,0.018040819287193827,0.0003973818089529394,0.06711611767496284,7.968461900856085e-06,0.3737425742391064,4.6168102981733935e-05,0.3737425742391064,1.3850162068427461e-06
0.0360210656235707,8.911505223586806e-05,0.005019965133110079,0.00017872853552438126,0.018249932448161525,0.0003927721333386638,0.0678940681269611,8.029338773243931e-06,0.3780746663599349,4.6719022439251084e-05,0.3780746663599349,1.4123968450434034e-06
0.03643858983763545,8.664942217980924e-05,0.0050781521123276704,0.00017604531107085966,0.018461469463245474,0.0003882159305024322,0.06868103588995304,8.107301268947974e-06,0.3824569722466999,4.727651596477339e-05,0.3824569722466999,1.440318776078446e-06
0.03686095362172158,8.425201103201351e-05,0.005137013543351339,0.00017340236945995725,0.018675458427610758,0.00038371258015374484,0.06947712548460236,8.186020757339452e-06,0.38689007393279756,4.784066200601139e-05,0.38689007393279756,1.4687927008647245e-06
0.037288213071828336,8.192093131571494e-05,0.005196557243827658,0.0001707991059314536,0.018891927762076665,0.00037926146919754365,0.07028244264308349,8.265504588592634e-06,0.3913745601980384,4.841153994678442e-05,0.3913745601980384,1.4978295318674576e-06
0.03772042493416997,7.96543477767441e-05,0.005256791122018419,0.0001682349248043029,0.01911090621689138,0.0003748619916507461,0.07109709432312435,8.345760184249805e-06,0.39591102664684585,4.910617334975127e-05,0.39591102664684585,1.5274403972823913e-06
0.03815764661271248,7.745047593863666e-05,0.0053177231778509665,0.00016570923934032956,0.019332422875550453,0.0003705135485597443,0.0719211887222119,8.433817713846668e-06,0.40050007578736113,5.0019765925373326e-05,0.40050007578736113,1.5576366453005935e-06
0.038599936176797675,7.530758069771907e-05,0.0053793615039806975,0.00016322147160996773,0.019556507158659493,0.00036621554791886266,0.07275483529196229,8.563810919299413e-06,0.40514231711146476,5.095035537404192e-05,0.40514231711146476,1.5884298484576042e-06
0.0390473523688556,7.322397495706479e-05,0.005441714286865887,0.00016077105236002176,0.019783188827841643,0.00036196740458976006,0.07359814475265768,8.69580775276943e-06,0.40983836717572614,5.189825791296498e-05,0.40983836717572614,1.619831808068519e-06
0.03949995461220643,7.119801829824603e-05,0.005504789807854967,0.00015835742088340783,0.020012497989690372,0.0003577685402217697,0.07445122910795139,8.859542048340069e-06,0.4145888496832911,5.286379564239262e-05,0.4145888496832911,1.6518545587507947e-06
0.039957803018952694,6.92281156898367e-05,0.005568596444286409,0.00015598002489085262,0.020244465099768037,0.00035361838317316045,0.07531420165974372,9.135875616911917e-06,0.41939439556671865,5.3847296655067964e-05,0.41939439556671865,1.684510373036437e-06
0.04042095839796308,6.88641750337721e-05,0.005633142670601352,0.0001536383203845182,0.020479120966650853,0.0003495163684333113,0.07618717702322995,9.420828168350278e-06,0.4242556430717777,5.484909514771375e-05,0.4242556430717777,1.7178117660753686e-06
0.040889482262948626,6.973173171822509e-05,0.005698437059469136,0.00015133177153352377,0.020716496756020688,0.00034546193754579206,0.07707027114212299,9.714668533061941e-06,0.4291732378422157,5.586953153459397e-05,0.4291732378422157,2.400429514989407e-06
0.041363436840632754,7.061021795495078e-05,0.005764488282925874,0.00014964881174931786,0.02095662399480433,0.0003414545385323311,0.07796360130405233,1.0017673926409193e-05,0.43414783300550924,5.690895256318733e-05,0.40514231711146476,5.277092806422e-06
0.041842885079015825,7.149977143537015e-05,0.005831305113526219,0.00014804329247674117,0.02119953457536071,0.00033749362581767157,0.07886728615614153,1.0330130210240774e-05,0.4391800892596086,5.796771143201332e-05,0.43414783300550924,6.57238329375e-06
0.04232789065573551,7.24005315855528e-05,0.005898896425508494,0.00014645499814637736,0.021445260759716676,0.00033357866015529166,0.07978144572076624,1.0652332162580118e-05,0.4442706749606883,5.904616791064977e-05,0.4291732378422157,1.1896921976998217e-05
0.042818517986524134,7.331263958806924e-05,0.00596727119597331,0.00014488374395905325,0.021693835183851845,0.0003297091085539939,0.07531420165974372,1.9178051314311637e-05,0.4494202662119142,6.014468846198429e-05,0.4242556430717777,1.2350562516962649e-05
0.043314832233764006,7.423623840412039e-05,0.006036438506075864,0.00014332934709822826,0.021945290862033135,0.00032588444420533975,0.07445122910795139,1.9920840707931645e-05,0.4546295469532399,6.167181777195546e-05,0.41939439556671865,1.2821500786532864e-05
0.043816899315141926,7.517147279594393e-05,0.0061064075422320365,0.0001417916267087238,0.022199661191199548,0.00032210414641193247,0.07359814475265768,2.0692399243641803e-05,0.45989920905224385,6.376186750610268e-05,0.4145888496832911,1.3304081524695259e-05
0.044324785912403984,7.611848934950497e-05,0.006177187597338488,0.00014027040387568052,0.02245697995539774,0.00031836770051652446,0.07275483529196229,2.1493841185517227e-05,0.46522995239601894,6.592274874885516e-05,0.40983836717572614,1.3576297646717705e-05
0.044838559480211884,7.522210320922229e-05,0.006248788072006888,0.00013876550160374124,0.02271728133026905,0.0003146745978319526,0.0719211887222119,2.2326323954443853e-05,0.4706224849841282,6.81568619706557e-05,0.40514231711146476,1.3854083609615757e-05
0.04535828825510189,7.382896957527518e-05,0.0063212184758124484,0.00013727674479645843,0.02298059988758851,0.0003110243355718862,0.07109709432312435,2.3191049799634846e-05,0.4760775230226368,7.046668899357275e-05,0.40050007578736113,1.4137553378452008e-05
0.04588404126454759,7.246163715186649e-05,0.006394488428556943,0.00013580396023592006,0.02324697059985648,0.00030741641678237345,0.07028244264308349,2.40892675348866e-05,0.4815957910192351,7.285479574829587e-05,0.39591102664684585,1.44268232501394e-05
0.046415888336127795,7.111962809361987e-05,0.006468607661546328,0.00013434697656259636,0.023516428844943486,0.0003038503502741866,0.06947712548460236,2.5022274342081596e-05,0.4871780218794631,7.532383512456539e-05,0.3913745601980384,1.472201190115346e-05
0.0469539001068006,6.980247340498475e-05,0.006543586018883236,0.00013290562425540277,0.023789010410788933,0.0003003256505559522,0.06868103588995304,2.5482456126143326e-05,0.4928249570040513,7.7876549918204e-05,0.38689007393279756,1.5023240436220765e-05
0.04749814803228502,6.915108757863956e-05,0.006619433458774394,0.0001314797356119745,0.024064751500154243,0.0002968418377680521,0.0678940681269611,2.5907744133916295e-05,0.4985373463873894,8.051577587802097e-05,0.3824569722466999,1.5330632438003654e-05
0.04804870439655132,6.87044362198254e-05,0.006696160054853222,0.0001300691447291553,0.024343688735431104,0.00029339843761729613,0.06711611767496284,2.6340129961799747e-05,0.5043159487171359,8.324444485597751e-05,0.3780746663599349,1.5644314017801407e-05
0.048605642321421366,6.82606698111012e-05,0.006773775997517752,0.000128673687483694,0.024625859163505466,0.0002899949813123522,0.06634708121092348,2.6779732068460236e-05,0.5101615314749833,8.606558806410891e-05,0.3737425742391064,1.5964413867289098e-05
0.04916903577628029,6.781976971838724e-05,0.006852291595284064,0.0001272932015131495,0.024911300260677886,0.0002866310054999207,0.06558685659571432,2.7226670889573564e-05,0.5160748710385907,0.00011887105229037856,0.36946012051993027,1.629106331131481e-05
0.04973895958790065,6.738171742796255e-05,0.006931717276155407,0.00012592752619699864,0.025200049937640922,0.0002833060522016568,0.06483534286054723,2.7681068870819913e-05,0.5220567527846975,0.0007864418838486086,0.36522673643081754,1.679402470147515e-05
0.05031548945038054,6.694649454568758e-05,0.007012063589007184,0.00012457650263794848,0.025492146544514233,0.0002800196687518164,0.06409244019356454,2.8143050501429673e-05,0.5281079711934331,0.003098134150094436,0.3610418597173337,1.7313884660131678e-05
0.05089870193519682,6.651408279623141e-05,0.007093341204987997,0.0001232447052493895,0.02578762887593801,0.0002767714077356315,0.0633580499265825,2.8612742348289326e-05,0.5342293299538352,0.0030982396940576083,0.356904934567523,1.784983691241158e-05
0.05148867450137495,6.608446402230498e-05,0.007175560918936928,0.00012197321648584488,0.02608653617622548,0.0002735608269283992,0.0626320745219869,2.9090273090616094e-05,0.5404216420705915,0.0030983452416163404,0.3528154115380883,1.8402379596149386e-05
0.05208548550577663,6.565762018389823e-05,0.007258733650817253,0.00012071484539475992,0.026388908144575104,0.0002703874892352736,0.061914417559778445,2.95757735552117e-05,0.546685729972018,0.0030984507927707557,0.34877274748141773,1.8972026269063687e-05
0.052689214213506745,6.523353335752269e-05,0.007342870447166765,0.00011946945664396631,0.02669478494034321,0.00026725096263176024,0.061204983724766994,3.006937675230457e-05,0.55302242561929,0.001204989749589667,0.3447764054734464,1.9342556884396505e-05
0.0532999408084409,6.481218573545898e-05,0.007427982482564918,0.00011823691629748916,0.027004207188377725,0.00026415082010490114,0.06050367879391221,3.0571217911989433e-05,0.5594325706169377,0.0001898876719384456,0.34082585474234517,1.9311735279205786e-05
0.053917746403875026,6.439355962500861e-05,0.00751408106111697,0.00011701709180114093,0.02731721598441376,0.0002610866395951371,0.05981040962380941,3.10814345212764e-05,0.5659170163246242,9.778619866122994e-05,0.3369205705980267,1.9280962787033172e-05
0.05454271305329834,6.39776374477517e-05,0.00760117761795533,0.00011580985196826761,0.027633852900531698,0.0002580580039388495,0.05912508413831878,3.160016636175702e-05,0.5724766239702178,0.00010110015997936324,0.33306003436245885,1.9250239329619003e-05
0.05517492376129126,6.356440173880843e-05,0.007689283720758313,0.00011461506696563849,0.027954159990678566,0.0002550645008115679,0.05844761131633634,3.2127555547899864e-05,0.5791122647641759,0.00010452643100754214,0.3292437333007769,1.9219564828828315e-05
0.05581446249454964,6.329265247587666e-05,0.00777841107128649,0.0001134326082994848,0.02827817979625341,0.0002521057226718327,0.05777790117970504,3.266374656598481e-05,0.5858248200152536,0.00010806881790696115,0.3254711605531848,1.9188939206650644e-05
0.0564614141930367,6.329480866313241e-05,0.007868571506936851,0.00011226234880167918,0.02860595535175742,0.0002491812667057133,0.05711586478126432,3.3208886313687486e-05,0.5926151812475553,0.0001117312558291142,0.32174181506763716,1.9158362385199846e-05
0.05711586478126432,6.329696492384274e-05,0.007959777002314986,0.00011110416261606093,0.028937530190509504,0.000246290734771969,0.0564614141930367,3.376312414032379e-05,0.5994842503189409,0.00011551781328725728,0.318055201533292,1.9127834286713876e-05
0.05777790117970504,6.32991212580104e-05,0.008052039670825477,0.00010995792518489911,0.02927294835042816,0.0002434337333478431,0.05581446249454964,3.432661188776662e-05,0.6064329395408061,0.00011653215145321771,0.3144108303147265,1.90973548335546e-05
0.05844761131633634,6.330127766563768e-05,0.008145371766280746,0.00010882351323549838,0.029612254379880344,0.00024060987347548896,0.05517492376129126,3.4899503932045146e-05,0.6134621717992506,0.00011751016349476694,0.3108082173869064,1.90669239482076e-05
0.05912508413831878,6.330343414672728e-05,0.00823978568452852,0.00010770080476694089,0.029955493343598132,0.00023781877070901795,0.05454271305329834,3.542829928005721e-05,0.62057288067765,0.00011849638363632536,0.30724688427090036,1.9086321739617136e-05
0.05981040962380941,6.330559070128149e-05,0.008335293965098196,0.00010658967903696512,0.030302710828663964,0.0002350600450621575,0.053917746403875026,3.564597974168602e-05,0.62776601058065,0.00011949088076549652,0.30372635797033115,1.9216091916965176e-05
0.06050367879391221,6.330774732930302e-05,0.00843190929286626,0.00010541607328508714,0.030653952950565267,0.00023233332095652046,0.0532999408084409,3.586499768731316e-05,0.6350425168595962,0.00012049372434803278,0.30024617090855493,1.9346744417222713e-05
0.061204983724766994,6.33099040307943e-05,0.008529644499741026,0.0001024781007772823,0.031009266359319266,0.0002296382271704743,0.052689214213506745,3.608536133477972e-05,0.642403365939419,0.00012061905850466611,0.29680586086656024,1.9478285239408382e-05
0.061914417559778445,6.331206080575768e-05,0.008628512566366896,9.962201030309521e-05,0.031368698245668764,0.00022697439678859928,0.05208548550577663,3.630707895241933e-05,0.6498495354469889,0.0001190390530075198,0.2934049709215787,1.961072042332897e-05
0.0626320745219869,6.331421765419592e-05,0.00872852662384838,9.684551978963035e-05,0.03173229634734976,0.00022434146715173927,0.05148867450137495,3.6328877072698094e-05,0.6573820143409586,0.00011747974421785892,0.2900430493863992,1.9744056049856518e-05
0.0633580499265825,6.331637457611127e-05,0.008829699955494092,9.414641076593757e-05,0.032100108955431715,0.00022173907980762566,0.05089870193519682,3.632414389940118e-05,0.6650018030431118,0.0001159408610266891,0.28671964974937697,1.987829824120768e-05
0.06409244019356454,6.331853157150648e-05,0.00893204599858097,9.152252659041127e-05,0.03247218492073129,0.00021916688046207827,0.05031548945038054,3.6319411342774223e-05,0.6727099135712337,0.00011442213587631034,0.2834343306151309,1.9957288441627688e-05
0.06483534286054723,6.332068864038392e-05,0.00903557834613893,8.897177072759049e-05,0.03284857366030044,0.00021662451893077208,0.04973895958790065,3.631467940273701e-05,0.6805073696735207,0.00011292330471379718,0.28018665564591955,1.9956608580957957e-05
0.06558685659571432,6.3322845782746e-05,0.009140310748756233,8.649210507298498e-05,0.033229325163989715,0.00021411164909156024,0.04916903577628029,3.6309948079209135e-05,0.6883952069645496,0.00011144410694508966,0.27697619350368907,1.995592874344821e-05
0.06634708121092348,6.332500299859544e-05,0.009246257116405743,8.408154832459036e-05,0.03361449000108765,0.0002116279288373534,0.048605642321421366,3.6305217372110226e-05,0.6963744730628222,0.00010998428538968439,0.27380251779278575,1.9955248929097666e-05
0.06711611767496284,6.332716028793395e-05,0.009353431520292386,8.173817439978802e-05,0.03400411932703706,0.00020917302002954573,0.04804870439655132,3.6300487281360866e-05,0.7044462277299037,0.000108543586235921,0.27066520700332414,1.9954569137905528e-05
0.0678940681269611,6.33293176507645e-05,0.008529644499741026,4.530079336736e-05,0.03439826489022924,0.00020674658845197774,0.04749814803228502,3.629575780688242e-05,0.7126115430111746,0.0001071217589968527,0.26756384445520454,1.9953889369871006e-05
0.06868103588995304,6.33314750870897e-05,0.009682466119303124,3.239020525531933e-05,0.034796979038876914,0.00020434830376543666,0.0469539001068006,3.6291028948592095e-05,0.7208715033782136,0.00010571855646669483,0.26449801824277197,1.9953209624993318e-05
0.06947712548460236,6.333363259691227e-05,0.009794696670695395,2.890847998834172e-05,0.03520031472796679,0.00020197783946268445,0.046415888336127795,3.6286300706409606e-05,0.7292272058728313,0.0006591923048642342,0.26146732118010924,1.9952529903271675e-05
0.07028244264308349,6.333579018023449e-05,0.009908228099003798,2.5801016345801502e-05,0.035608325526292776,0.00019963487282400423,0.04588404126454759,3.628157308025468e-05,0.737679760252773,0.003148071935036038,0.2584713507469564,1.995185020470528e-05
0.07109709432312435,6.27093454409615e-05,0.010023075482838654,2.302758376589753e-05,0.0360210656235707,0.00019731908487326572,0.04535828825510189,3.5068344275424016e-05,0.7462302891391108,0.003143269758218052,0.2555097090352507,1.9949949559350463e-05
0.0719211887222119,6.1740363092276e-05,0.010139254075588154,2.0552276196736542e-05,0.03643858983763545,0.00019503016033450024,0.044838559480211884,3.385040621072402e-05,0.7548799281653431,0.003138474906805161,0.25258200269627845,1.967939593817142e-05
0.07275483529196229,6.078635342087588e-05,0.010256779307444218,1.851825642809101e-05,0.03686095362172158,0.00019276778758897596,0.044324785912403984,3.267476763749123e-05,0.7636298261282242,0.0031336873696229377,0.24968784288843268,1.94125114622058e-05
0.07359814475265768,5.984708506953836e-05,0.01037566678745186,1.810202468864599e-05,0.037288213071828336,0.00019053165863277624,0.043816899315141926,3.153995947693558e-05,0.77248114514034,0.00312890713551401,0.24682684522556925,1.914924637190296e-05
0.07445122910795139,5.8922330255963435e-05,0.010495932305582278,1.7695148520099033e-05,0.03772042493416997,0.00018832146903486504,0.043314832233764006,3.0522113309627127e-05,0.7814350607844542,0.0031241341933380164,0.243998629725955,1.888955158253244e-05
0.07531420165974372,5.964729040159031e-05,0.010617591834830001,1.7297417638854432e-05,0.03815764661271248,0.00018613691789564238,0.042818517986524134,2.9913286666901252e-05,0.790492762269642,0.0031193685319715926,0.2412028207618007,1.8633378675032208e-05
0.07618717702322995,6.141261117267231e-05,0.010740661533334334,1.6908626487825425e-05,0.038599936176797675,0.00018397770780597864,0.04232789065573551,2.931660433008017e-05,0.7996554525892346,0.0031146101403083395,0.23843904700937205,1.838067988698101e-05
0.07707027114212299,6.323017836440195e-05,0.010865157746525383,1.6528574130197575e-05,0.0390473523688556,0.0001818435448067259,0.041842885079015825,2.931261899684543e-05,0.8089243486805938,0.003109859007258808,0.23570694139967277,1.8217102640228025e-05
0.07796360130405233,6.510153826146325e-05,0.010991097009294973,1.6157064145579264e-05,0.03949995461220643,0.00017973413834869572,0.041363436840632754,2.9892359174666125e-05,0.818300681586739,0.0031051151217504577,0.23300614106969247,1.8794045630163053e-05
0.07886728615614153,6.379185270842588e-05,0.01111849604819271,1.5793904528487148e-05,0.039957803018952694,0.00017764920125310543,0.040889482262948626,3.0483565358776212e-05,0.8277856966198472,8.069330379097e-05,0.23033628731421313,1.9389260637345257e-05
0.07978144572076624,6.199921157267134e-05,0.01124737178364752,1.543890758911288e-05,0.04042095839796308,0.00017558844967247882,0.04042095839796308,3.108646432197039e-05,0.8569055051268347,8.745912440088775e-05,0.227697025538168,2.000332634393226e-05
0.08070620141149504,6.02569461840562e-05,0.011377741332214914,1.5091889856320325e-05,0.040889482262948626,0.00017355160305200485,0.039957803018952694,3.1701287322118395e-05,0.8668379930019774,8.819313708099072e-05,0.22508800520954617,2.0636839759179173e-05
0.08164167604921468,5.856364091295505e-05,0.011509622008850324,1.4752671982823346e-05,0.041363436840632754,0.0001715383840913404,0.03949995461220643,3.232827019087011e-05,0.8768856094587426,8.893331006304324e-05,0.22250887981283693,2.129041679986508e-05
0.08258799387844268,5.790761543507894e-05,0.011643031329208768,1.442107865249463e-05,0.041842885079015825,0.00016954851870685877,,,0.8870496889654403,8.967969504822315e-05,0.2199593068030075,2.1964692889101816e-05
0.08354528058382867,5.839361302875564e-05,0.011777987011971193,1.409693848975794e-05,0.04232789065573551,0.00016758173599433642,,,0.897331581458352,8.98465599295474e-05,0.217438947560008,2.2660323574107632e-05
0.08451366330684718,5.888368942380043e-05,0.01191450698119776,1.3780083971017148e-05,0.042818517986524134,0.00016563776819206974,,,0.9077326525210223,8.940201875723891e-05,0.20764301072557748,4.358922134112029e-06
0.0854932706626838,5.937787885211243e-05,0.012052609368708425,1.3470351338075869e-05,0.043314832233764006,0.00016371635064442227,,,0.9182542835656282,8.89596770776437e-05,,
0.08648423275731722,5.9876215832886564e-05,0.012192312516491107,1.3167580513503115e-05,0.043816899315141926,0.00016181722176579488,,,0.9288978720164498,8.738596280472464e-05,,
0.0874866812047991,6.0378735175025136e-05,0.01233363497913776,1.2871615017901526e-05,0.044324785912403984,0.00015994012300501117,,,0.9396648314954691,8.382665086127061e-05,,
0.08850074914473434,5.972910222756866e-05,0.012476595526308698,1.2582301889034759e-05,0.044838559480211884,0.00015808479881011876,,,0.9505565920101191,7.962923034060466e-05,,
0.08952657125996397,5.884289264100124e-05,0.012621213145225473,1.22994916027731e-05,0.04535828825510189,0.00015625099659359883,,,0.9615746001432096,7.434378921550061e-05,,
0.09056428379445289,5.796983187807322e-05,0.012767507043192657,1.2023037995815515e-05,0.04588404126454759,0.00015443846669797612,,,0.9727203192450538,6.784157249930814e-05,,
0.09161402457138516,5.710972484772961e-05,0.01291549665014884,1.1752798190148905e-05,0.046415888336127795,0.00015264696236183268,,,0.9839952296278226,0.00012760760196227458,,
0.09267593301146879,5.6262379353510455e-05,0.013065201621247212,1.1488632519205347e-05,0.0469539001068006,0.00015087623968621102,,,0.9954008287621519,0.0010138979348778485,,
0.09375015015145284,5.542760605060361e-05,0.013216641839466052,1.1476016385082622e-05,0.04749814803228502,0.00014912605760141045,,,1.0069386314760271,0.0031530480725974505,,
0.09483681866285923,5.460521840353382e-05,0.013369837418249465,1.1533865352878031e-05,0.04804870439655132,0.0001473961778341669,,,1.0186101701559753,0.0031531554873098504,,
0.09593608287093142,5.3795032644480444e-05,0.013524808704178755,1.1592005929099478e-05,0.048605642321421366,0.00014568636487521488,,,1.0304169949505875,0.0031532629056815415,,
0.09704808877380301,5.299686773221368e-05,0.013681576279674718,1.1499172669662295e-05,0.04916903577628029,0.00014399638594722296,,,1.0304169949505875,0.000117589857449,,
0.09817298406188836,5.2499270593929554e-05,0.013840160965731315,1.1324700915102206e-05,0.04973895958790065,0.0001423260109731051,,,1.0666649582795389,0.00014191743971904577,,
0.09931091813749796,5.2412893800077014e-05,0.014000583824680975,1.1152876341692773e-05,0.05031548945038054,0.0001406750125446957,,,1.0790287915161836,0.00014192227441253098,,
0.10046204213468131,5.232665912154221e-05,0.014162866162991988,1.0983658784949711e-05,0.05089870193519682,0.00013904316589179053,,,1.0915359353313911,0.00014192710927071967,,
0.10162650893929952,5.224056632450341e-05,0.014327029534098309,1.08170086897863e-05,0.05148867450137495,0.00013743024885154697,,,1.1041880508541602,0.00014193194429361697,,
0.10280447320933098,5.215461517552367e-05,0.014493095741262165,1.0652887101267343e-05,0.05208548550577663,0.00013583604183823656,,,1.1169868184678227,0.0001419367794812287,,
0.10399609139541204,5.206880544155004e-05,0.014661086840469845,1.0491255655503234e-05,0.052689214213506745,0.00013426032781335115,,,1.1299339380332216,0.00014194161483356075,,
0.1052015217616159,5.198313688991329e-05,0.014831025143361045,1.0332076570682338e-05,0.0532999408084409,0.00013270289225605542,,,1.1430311291144786,0.00014194645035061823,,
0.10642092440647247,5.1897609288326716e-05,0.015002933220192183,1.017531263823946e-05,0.053917746403875026,0.00013116352313398023,,,1.1562801312073754,0.00014195128603240726,,
0.10765446128423159,5.181222240488589e-05,0.015176833902834053,1.002092721415804e-05,0.05454271305329834,0.00012964201087435682,,,1.1696827039703848,0.00014235533657964145,,
0.10890229622637305,5.172697600806792e-05,0.015352750287804227,9.868884210404759e-06,0.05517492376129126,0.00012813814833548582,,,1.183240627458378,0.00014378924144854937,,
0.1101645949633657,5.164186986673078e-05,0.015530705739334601,9.71914808649366e-06,0.05581446249454964,0.00012665173077853513,,,1.1969557023590427,0.00014523758963389685,,
0.11144152514667881,5.155690375011298e-05,0.015710723892474503,9.571683841178534e-06,0.0564614141930367,0.00012518255583966723,,,1.2108297502320393,0.0001467005266191077,,
0.11273325637104871,5.147207742783245e-05,0.01589282865622978,9.426457004271343e-06,0.05711586478126432,0.00012373042350248946,,,1.2248646137509307,0.00014817819935301923,,
0.11403996019700331,5.138739066988623e-05,0.016077044216738237,9.283433628584528e-06,0.05777790117970504,0.00012229513607082192,,,1.2390621569479157,0.0001496707562646418,,
0.11536181017364786,5.1302843246649825e-05,0.016263395040481923,9.142580281996001e-06,0.05844761131633634,0.00012087649814178452,,,1.2534242654613994,0.0001511768834913895,,
0.11669898186171475,5.121843492887641e-05,0.016451905877536626,9.003864039634091e-06,0.05912508413831878,0.00011947431657919277,,,1.2679528467864338,0.00015253631805225163,,
0.11805165285688056,5.1134165487696634e-05,0.016642601764859037,8.867252476181348e-06,0.05981040962380941,0.00011808840048726463,,,1.2826498305280598,0.0001539079771165076,,
0.11942000281335324,5.1050034694617426e-05,0.016835508029612024,8.732713658295061e-06,0.06050367879391221,0.0001167185611846322,,,1.2975171686575868,0.00015529197061109817,,
0.12080421346773289,5.0966042321521734e-05,0.017030650292528444,8.600216137142669e-06,0.061204983724766994,0.00011536461217865289,,,1.3125568357718427,0.00015668840945146586,,
0.12220446866314887,5.088218814066784e-05,0.01722805447131394,8.469728941050558e-06,0.061914417559778445,0.00011402636914002071,,,1.3277708293554291,0.00015809740555044268,,
0.12362095437367691,5.079847192468863e-05,0.01742774678408919,8.341221568264333e-06,0.0626320745219869,0.00011270364987767183,,,1.3431611700460153,0.0001595190718272194,,
0.12505385872903912,5.0714893446591344e-05,0.017629753752872058,8.214663979818935e-06,0.0633580499265825,0.00011139627431397952,,,1.3587299019027093,0.00016095352221639497,,
0.1265033720395904,5.063145247975644e-05,0.01783410220710008,8.090026592516995e-06,0.06409244019356454,0.00011010406446023869,,,1.3744790926775368,0.0001624008716771075,,
0.12796968682159415,5.05481487979373e-05,0.018040819287193827,7.967280272013604e-06,0.06483534286054723,0.0001088268443924347,,,1.3904108340900696,0.00016419489167800215,,
0.1294529978227916,5.046498217525947e-05,0.018249932448161525,7.84639632600612e-06,0.06558685659571432,0.00010756444022729149,,,1.4065272421052364,0.00016715546831161908,,
0.13095350204826678,5.038195238622039e-05,0.018461469463245474,7.727346497527243e-06,0.06634708121092348,0.00010631668009859947,,,1.422830457214352,0.0001701694267156062,,
0.13247139878661174,5.029905920568825e-05,0.018675458427610758,7.612551073646463e-06,0.06711611767496284,0.0001050833941338178,,,1.4393226447194065,0.00017323772940968879,,
0.13400688963639507,5.021630240890175e-05,0.018891927762076665,7.549707798464451e-06,0.0678940681269611,0.00010386441443094626,,,1.4560059950206485,0.00017636135626865936,,
0.1355601785329369,5.013368177146937e-05,0.01911090621689138,7.48738330827283e-06,0.06868103588995304,0.00010265957503566833,,,1.4728827239075017,0.0001795413048353049,,
0.13713147177539456,5.0051197069368696e-05,0.019332422875550453,7.425573320387965e-06,0.06947712548460236,0.00010146871191875645,,,1.4899550728528537,0.00018277859063897588,,
0.1387209780541621,4.9968848078946174e-05,0.019556507158659493,7.364273587480712e-06,0.07028244264308349,0.00010029166295374154,,,1.5072253093107555,0.00018607424751989992,,
0.1403289084785873,4.9886634576915954e-05,0.019783188827841643,7.303479897284556e-06,0.07109709432312435,9.91282678948404e-05,,,1.524695727017573,0.00018942932795934254,,
0.14195547660501015,4.980455634035964e-05,0.020012497989690372,7.2431880723061654e-06,0.0719211887222119,9.797836835514028e-05,,,1.5423686462966273,0.00019118492802893636,,
0.14360089846512605,4.972261314672561e-05,0.020244465099768037,7.18339396953833e-06,0.07275483529196229,9.684180778503446e-05,,,1.560246414366368,0.00019090520518073162,,
0.14526539259467813,4.964080477382832e-05,0.020479120966650853,7.1240934801752725e-06,0.07359814475265768,9.571843145091076e-05,,,1.5783314056521165,0.00019062589159528982,,
0.14694918006248173,4.955913099984804e-05,0.020716496756020688,7.0652825293303034e-06,0.07445122910795139,9.460808641408449e-05,,,1.5966260221014252,0.00019034698667381753,,
0.14865248449978571,4.9477591603329734e-05,0.02095662399480433,7.006957075755817e-06,0.07531420165974372,9.351062150997771e-05,,,1.6151326935030912,0.0001900684898183984,,
0.15037553212997384,4.9396186363182827e-05,0.02119953457536071,6.949113111565591e-06,0.07618717702322995,9.24258873275398e-05,,,1.6338538778098621,0.0001897904004319907,,
0.15211855179861047,4.931491505868041e-05,0.021445260759716676,6.89174666195938e-06,0.07707027114212299,9.135373618890536e-05,,,1.6527920614648957,0.00018951271791842604,,
0.15388177500383463,4.923377746945899e-05,0.021693835183851845,6.8348537849497844e-06,0.07796360130405233,9.029402212928954e-05,,,1.6719497597319901,0.00018923544168240845,,
0.15566543592710622,4.915277337551739e-05,0.021945290862033135,6.778430571091375e-06,0.07886728615614153,8.924660087711666e-05,,,1.6913295170296487,0.0001889585711295128,,
0.15746977146430868,4.9071902557216456e-05,0.022199661191199548,6.722473143212048e-06,0.07978144572076624,8.821132983437772e-05,,,1.710933907269015,0.0001886821056661838,,
0.1592950212572123,4.899116479527845e-05,0.02245697995539774,6.676166994002628e-06,0.08070620141149504,8.718806805721735e-05,,,1.7307655341957258,0.0001884060446997345,,
0.161141427725302,4.8910559870786286e-05,0.02271728133026905,6.6302452584180905e-06,0.08164167604921468,8.617667623674597e-05,,,1.750827031735725,0.00018813038763834512,,
0.1630092360979741,4.883008756518334e-05,0.02298059988758851,6.584639393572105e-06,0.08258799387844268,8.517701668007295e-05,,,1.7711210643450888,0.00018785513389106215,,
0.1648986944471065,4.874974766027231e-05,0.02324697059985648,6.5393472267610026e-06,0.08354528058382867,8.418895329156136e-05,,,1.7916503273639013,0.00018758028286779564,,
0.1668100537200059,4.866953993821499e-05,0.023516428844943486,6.494366600225961e-06,0.08451366330684718,8.321235155430009e-05,,,1.8124175473742377,0.00018730583397932003,,
0.16874356777273758,4.8589464181531576e-05,0.023789010410788933,6.449695371050218e-06,0.0854932706626838,8.224707851178938e-05,,,1.8334254825622907,0.0001870317866372716,,
0.1706994934038408,4.850952017309999e-05,0.024064751500154243,6.405331411056968e-06,0.08648423275731722,8.129300274984107e-05,,,1.8546769230846993,0.0001867581402541473,,
0.1726780903884356,4.8429707696155645e-05,0.024343688735431104,6.361272606707986e-06,0.0874866812047991,8.034999437868654e-05,,,1.8761746914391215,0.0001864848942433038,,
0.17467962151272456,4.835002653429035e-05,0.024625859163505466,6.31751685900294e-06,0.08850074914473434,7.941792501529376e-05,,,1.8979216428391015,0.00018621204801895605,,
0.17670435260889467,4.827047647145204e-05,0.024911300260677886,6.274062083379341e-06,0.08952657125996397,7.849666776588934e-05,,,1.9199206655932848,0.00018593960099617604,,
0.17875255259042355,4.8191057291944124e-05,0.025200049937640922,6.230906209613351e-06,0.09056428379445289,7.758609720868213e-05,,,1.9421746814890264,0.0001856675525908919,,
0.18082449348779517,4.811176878042482e-05,0.025492146544514233,6.189467477216966e-06,0.09161402457138516,7.66860893767885e-05,,,1.9646866461804466,0.00018539590221988532,,
0.18292045048462938,4.803261072190689e-05,0.02578762887593801,6.148900241389333e-06,0.09267593301146879,7.579652174135561e-05,,,1.9874595495809837,0.00018512464930079233,,
0.18504070195423022,4.795358290175655e-05,0.02608653617622548,6.1085988928337075e-06,0.09375015015145284,7.491727319487926e-05,,,2.0104964162604992,0.00018485379325210068,,
0.18718552949655792,4.787468510569327e-05,0.026388908144575104,6.068561688861932e-06,0.09483681866285923,7.404822403471658e-05,,,2.0338003058469822,0.00018458333349314886,,
0.18935521797562951,4.779591711978895e-05,0.02669478494034321,6.028786898207843e-06,0.09593608287093142,7.318925594678972e-05,,,2.0573743134329137,0.00018431326944412502,,
0.1915500555573528,4.7717278730467754e-05,0.027004207188377725,5.989272800952401e-06,0.09704808877380301,7.234025198947754e-05,,,2.0812215699863392,0.0001840436005260656,,
0.1937703337477989,4.763876972450496e-05,0.02731721598441376,5.950017688449328e-06,0.09817298406188836,7.150109657769595e-05,,,2.105345242766706,0.00018377432616085407,,
0.19601634743191856,4.756038988902676e-05,0.027633852900531698,5.911019863251225e-06,0.09931091813749796,7.067167546716098e-05,,,2.129748535745521,0.0001835054457712198,,
0.19828839491270714,4.7482139011509596e-05,0.027954159990678566,5.872277639036137e-06,0.10046204213468131,6.985187573883578e-05,,,2.1544346900318843,0.0001832369587807371,,
0.2005867779508234,4.7404016879779464e-05,0.02827817979625341,5.833789340534692e-06,0.10162650893929952,6.904158578355796e-05,,,2.1794069843029558,0.00018296886461382266,,
0.2029118018046678,4.732602328201173e-05,0.02860595535175742,5.7955533034576195e-06,0.10280447320933098,6.824069528684414e-05,,,2.2046687352394096,0.00018257299326017933,,
0.2052637752709252,4.724815800673e-05,0.028937530190509504,5.757567874423796e-06,0.10399609139541204,6.744909521387187e-05,,,2.2302232979659387,0.0001808340985539004,,
0.20764301072557748,4.6494043324816715e-05,0.02927294835042816,5.719831410888749e-06,0.1052015217616159,6.666667779463582e-05,,,2.2560740664968613,0.0001791117657429244,,
0.21004982416539153,4.2924905580036765e-05,0.029612254379880344,5.682342281073634e-06,0.10642092440647247,6.589333650927487e-05,,,2.2822244741868984,0.00017740583708545453,,
0.21248453524988828,3.962975442214539e-05,0.029955493343598132,5.645098863894665e-06,0.10765446128423159,6.51289660735713e-05,,,2.30867799418717,0.00017571615634208597,,
0.21494746734379805,3.6796733380663854e-05,0.030302710828663964,5.608099548893031e-06,0.10890229622637305,6.437346242461625e-05,,,2.335438139906479,0.0001740425687614984,,
0.217438947560008,3.82024293002107e-05,0.030653952950565267,5.571342736165256e-06,0.1101645949633657,6.362672270664289e-05,,,2.3625084654779474,0.00017238492106628163,,
0.2199593068030075,3.966182512289252e-05,0.031009266359319266,5.5348268362939775e-06,0.11144152514667881,6.288864525702366e-05,,,2.38989256623105,0.0001707430614388983,,
0.22250887981283693,4.117697227359925e-05,0.031368698245668764,5.498550270279286e-06,0.11273325637104871,6.215912959242906e-05,,,2.4175940791691306,0.0001691168395077781,,
0.22508800520954617,4.232070376780897e-05,0.03173229634734976,5.462511469470397e-06,0.11403996019700331,6.143807639514802e-05,,,2.4456166834524464,0.00016321016547222244,,
0.227697025538168,4.2410304802723645e-05,0.032100108955431715,5.426708875497839e-06,0.11536181017364786,6.072538749956692e-05,,,2.473964100886814,0.0001572153982305568,,
0.23033628731421313,4.250009554018915e-05,0.03247218492073129,5.388619231995674e-06,0.11669898186171475,6.002096587880441e-05,,,2.5026400964179194,0.00015305267249075778,,
0.23300614106969247,4.2590076381842126e-05,0.03284857366030044,5.346677443503536e-06,0.11805165285688056,5.932471563150238e-05,,,2.5316484786313556,0.00015115878956379234,,
0.23570694139967277,4.2680247730169526e-05,0.033229325163989715,5.30506210480238e-06,0.11942000281335324,5.863654196877003e-05,,,2.560993100258459,0.00014928834165748166,,
0.23843904700937205,4.277060998851049e-05,0.03361449000108765,5.263770675002316e-06,0.12080421346773289,5.795635120127852e-05,,,2.590677858688009,0.00014744103878547776,,
0.2412028207618007,4.286116356105806e-05,0.03400411932703706,5.222800632990217e-06,0.12220446866314887,5.72840507265062e-05,,,2.6207066964838526,0.00014561659454974128,,
0.243998629725955,4.295190885286105e-05,0.03439826489022924,5.182149477275814e-06,0.12362095437367691,5.6619549016131854e-05,,,2.651083601908539,0.00014381472609613933,,
0.24682684522556925,4.305644068064489e-05,0.034796979038876914,5.141814725838941e-06,0.12505385872903912,5.596275560357322e-05,,,2.6818126094530155,0.0001414438698465356,,
0.24968784288843268,4.316556020493891e-05,0.03520031472796679,5.101793915977974e-06,0.1265033720395904,5.5313581071671015e-05,,,2.7128978003724673,0.000135908789280039,,
0.25258200269627845,4.3274956274864524e-05,0.035608325526292776,5.062084604159484e-06,0.12796968682159415,5.46719370405158e-05,,,2.7443433032283653,0.00013059031136242953,,
0.2555097090352507,4.338462959128152e-05,0.0360210656235707,5.022684365869074e-06,0.1294529978227916,5.4037736155415134e-05,,,2.776153294436801,0.00012728201098705604,,
0.2584713507469564,4.349458085682588e-05,0.03643858983763545,4.983590795463278e-06,0.13095350204826678,5.341089207500129e-05,,,2.8083319988231725,0.0003012457848605172,,
0.26146732118010924,4.360481077591435e-05,0.03686095362172158,4.944801506022756e-06,0.13247139878661174,5.279131945947682e-05,,,2.840883690183304,0.0007129760300963439,,
0.26449801824277197,4.371532005474885e-05,0.037288213071828336,4.906314129206487e-06,0.13400688963639507,5.2178933958995544e-05,,,2.8738126918510662,0.001687442098907056,,
0.26756384445520454,4.382610940132108e-05,0.03772042493416997,4.8681263151072326e-06,0.1355601785329369,5.1573652202179784e-05,,,2.9071233772725784,0.003212873152889464,,
0.27066520700332414,4.393717952541705e-05,0.03815764661271248,4.830235732107991e-06,0.13713147177539456,5.0975391784769346e-05,,,2.9408201705870636,0.003212982605659732,,
0.27380251779278575,4.404853113862157e-05,0.038599936176797675,4.7926400667397096e-06,0.1387209780541621,5.0384071258403127e-05,,,2.9749075472144404,0.003213092062158724,,
0.27697619350368907,4.416016495432286e-05,0.0390473523688556,4.755337023539958e-06,0.1403289084785873,4.9799610119530834e-05,,,3.009390034449721,0.0032132015223865617,,
0.28018665564591955,4.4272081687717116e-05,0.03949995461220643,4.718324324912849e-06,0.14195547660501015,4.9221928798452545e-05,,,3.044272212064303,0.003213310986343378,,
0.2834343306151309,4.438428205581306e-05,0.039957803018952694,4.681599710989902e-06,0.14360089846512605,4.8650948648486185e-05,,,3.0795587129142263,0.0032134204540292936,,
0.28671964974937697,4.4496766777436584e-05,0.04042095839796308,4.645160939492129e-06,0.14526539259467813,4.808659193526069e-05,,,3.115254223555488,0.0032135299254444417,,
0.2900430493863992,4.46095365732353e-05,0.040889482262948626,4.6090057855931e-06,0.14694918006248173,4.752878182613255e-05,,,3.1513634848664793,0.003213639400588944,,
0.2934049709215787,4.47225921656832e-05,0.041363436840632754,4.573132041783083e-06,0.14865248449978571,4.697744237972596e-05,,,3.1878912926776457,0.001082952861208644,,
0.29680586086656024,4.4835934279085256e-05,0.041842885079015825,4.549595595135098e-06,0.15037553212997384,4.6432498535594214e-05,,,3.2248424984084423,0.00024207367054317712,,
0.30024617090855493,4.4949563639582096e-05,0.04232789065573551,4.542426796213233e-06,0.15211855179861047,4.589387610400035e-05,,,3.26222200971167,0.00019173714496134665,,
0.30372635797033115,4.506348097515461e-05,0.042818517986524134,4.53526929316963e-06,0.15388177500383463,4.536150175581708e-05,,,3.3000347911252854,0.00019174367685995174,,
0.30724688427090036,4.518765542679151e-05,0.043314832233764006,4.52812306820537e-06,0.15566543592710622,4.4835303012543815e-05,,,3.338285864731761,0.00019175020898107894,,
0.3108082173869064,4.531278263870852e-05,0.043816899315141926,4.5209881035495805e-06,0.15746977146430868,4.431520823643877e-05,,,3.3769803108250915,0.00019175674132473525,,
0.3144108303147265,4.543825633505838e-05,0.044324785912403984,4.513864381459384e-06,0.1592950212572123,4.38011466207667e-05,,,3.4161232685855283,0.0001887443843289793,,
0.318055201533292,4.556407747527637e-05,0.044838559480211884,4.506751884219881e-06,0.161141427725302,4.3293048180158526e-05,,,3.4557199367621396,0.00018226629910303,,
0.32174181506763716,4.5690247021454505e-05,0.04535828825510189,4.499650594144065e-06,0.1630092360979741,4.27908437410837e-05,,,3.4957755743632752,0.00017601055473423475,,
0.3254711605531848,4.581676593834889e-05,0.04588404126454759,4.492560493572805e-06,0.1648986944471065,4.2294464932432965e-05,,,3.536295501355043,0.00036098308750686053,,
0.3292437333007769,4.594363519338709e-05,0.046415888336127795,4.485481564874795e-06,0.1668100537200059,4.180384417620971e-05,,,3.5772850993678733,0.0032148438733516412,,
0.33306003436245885,4.607085575667554e-05,0.0469539001068006,4.478413790446514e-06,0.16874356777273758,4.131891467833004e-05,,,3.6187498124112802,0.0032149533932581075,,
0.3369205705980267,4.619842860100696e-05,0.04749814803228502,4.471357152712173e-06,0.1706994934038408,4.083961041952947e-05,,,3.6606951475969023,0.0032150629168955793,,
0.34082585474234517,4.632635470186777e-05,0.04804870439655132,4.464311634123683e-06,0.1726780903884356,4.036586614637454e-05,,,3.7031266758699273,0.0032151724442641898,,
0.3447764054734464,4.645463503744558e-05,0.048605642321421366,4.457277217160603e-06,0.17467962151272456,3.989761736237923e-05,,,3.746050032748993,0.0017260139197622143,,
0.34877274748141773,4.6583270588636666e-05,0.04916903577628029,4.450253884330098e-06,0.17670435260889467,3.9434800319224584e-05,,,3.7894709190746676,0.00023886267142395303,,
0.3528154115380883,4.6712262339053444e-05,0.04973895958790065,4.443241618166897e-06,0.17875255259042355,3.8977352008079325e-05,,,3.8333951017666013,0.0002391550137826395,,
0.356904934567523,4.684161127503202e-05,0.05031548945038054,4.436240401233251e-06,0.18082449348779517,3.852521015102229e-05,,,3.8778284145894575,0.00023944771393710114,,
0.3610418597173337,4.697131838563971e-05,0.05089870193519682,4.429250216118885e-06,0.18292045048462938,3.807831319256331e-05,,,3.9227767589277196,0.00023974077232524172,,
0.36522673643081754,4.710138466268273e-05,0.05148867450137495,4.4222710454409525e-06,0.18504070195423022,3.763660029126312e-05,,,3.9682461045694817,0.0002400341893855009,,
0.36946012051993027,4.723181110071337e-05,0.05208548550577663,4.415302871844017e-06,0.18718552949655792,3.72000113114505e-05,,,4.014242490499322,0.00024032796555685504,,
0.3737425742391064,4.7362598697038165e-05,0.052689214213506745,4.357069097424976e-06,0.18935521797562951,3.676848681503485e-05,,,4.060772025700365,0.0002406221012788177,,
0.3780746663599349,4.749374845172518e-05,0.0532999408084409,4.298679602822517e-06,0.1915500555573528,3.6341968053414424e-05,,,4.1078408899656464,0.00024091659699144031,,
0.3824569722466999,4.762526136761169e-05,0.053917746403875026,4.241072591353481e-06,0.1937703337477989,3.592039695947833e-05,,,4.155455334718876,0.000241211453135313,,
0.38689007393279756,4.775713845031192e-05,0.05454271305329834,4.18423757688749e-06,0.19601634743191856,3.550371613970079e-05,,,4.203621683844713,0.0002415066701515646,,
0.3913745601980384,4.788938070822467e-05,0.05517492376129126,4.128164213819765e-06,0.19828839491270714,3.5091868866327654e-05,,,4.252346334528682,0.00024180224848186516,,
0.39591102664684585,4.802198915254108e-05,0.05581446249454964,4.07284229518796e-06,0.2005867779508234,3.468479906965356e-05,,,4.301635758106795,0.00024209818856842398,,
0.40050007578736113,4.815496479725231e-05,0.0564614141930367,4.018261750814192e-06,0.2029118018046678,3.4282451330388144e-05,,,4.35149650092505,0.00024239449085399205,,
0.40514231711146476,4.828830865915734e-05,0.05711586478126432,3.964412645472004e-06,0.2052637752709252,3.3884770872111285e-05,,,4.401935185208875,0.00024269115578186222,,
0.40983836717572614,4.842202175787072e-05,0.05777790117970504,3.911285177077823e-06,0.20764301072557748,3.349170355381596e-05,,,4.452958509942655,0.0002450175233220643,,
0.4145888496832911,4.855610511583036e-05,0.05844761131633634,3.858869674906734e-06,0.21004982416539153,3.3103195862536955e-05,,,4.504573251759458,0.00024766214603372884,,
0.41939439556671865,4.869055975830537e-05,0.05912508413831878,3.807156597832112e-06,0.21248453524988828,3.271919490606593e-05,,,4.556786265841064,0.0002503353137620613,,
0.4242556430717777,4.8825386713403895e-05,0.05981040962380941,3.756136532588893e-06,0.21494746734379805,3.233964840575023e-05,,,4.609604486828434,0.00025303733461073626,,
0.4291732378422157,4.896058701208096e-05,0.06050367879391221,3.7058001920600466e-06,0.217438947560008,3.196450468937569e-05,,,4.663034929742731,0.00025472725366586284,,
0.43414783300550924,4.909616168814635e-05,0.061204983724766994,3.6561384135860807e-06,0.2199593068030075,3.159371268413206e-05,,,4.717084690917018,0.000255314853784696,,
0.4391800892596086,4.923211177827266e-05,0.061914417559778445,3.6071421572971697e-06,0.22250887981283693,3.1227221909659516e-05,,,4.771760948938746,0.000255903809368619,,
0.4442706749606883,4.936843832200278e-05,0.0626320745219869,3.5821909164348996e-06,0.22508800520954617,3.086498247117635e-05,,,4.827070965603183,0.0002564941235443931,,
0.4494202662119142,4.950514236175844e-05,0.0633580499265825,3.5591964267725056e-06,0.227697025538168,3.0506945052686304e-05,,,4.8830220868778795,0.00025708579944599296,,
0.4546295469532399,4.964222494284781e-05,0.06409244019356454,3.5363495413464983e-06,0.23033628731421313,3.015306091026433e-05,,,4.9396217438783205,0.0002576788402146225,,
0.45989920905224385,4.977968711347357e-05,0.06483534286054723,3.513649312668561e-06,0.23300614106969247,2.9803281865420628e-05,,,4.996877453854884,0.0002582732489987313,,
0.46522995239601894,4.9917529924740946e-05,0.06558685659571432,3.4910947993323857e-06,0.23570694139967277,2.945756029854168e-05,,,5.054796821191241,0.0002588690289540331,,
0.4706224849841282,5.005575443066572e-05,0.06634708121092348,3.4686850659746845e-06,0.23843904700937205,2.9115849142406924e-05,,,5.113387538414326,0.0002594661832435198,,
0.4760775230226368,5.01943616881823e-05,0.06711611767496284,3.446419183236353e-06,0.2412028207618007,2.8778101875781077e-05,,,5.172657387216019,0.00026006471503748,,
0.4815957910192351,5.033335275715183e-05,0.0678940681269611,3.4242962277239493e-06,0.243998629725955,2.84442725170808e-05,,,5.2326142394866615,0.0002606646275135152,,
0.4871780218794631,5.071919216444889e-05,0.06868103588995304,3.402315281971416e-06,0.24682684522556925,2.811431561811436e-05,,,5.293266058360562,0.00026126592385655815,,
0.4928249570040513,5.116990763382184e-05,0.06947712548460236,3.380475434401997e-06,0.24968784288843268,2.7788186257894384e-05,,,5.354620899273607,0.0002618686072588872,,
0.4985373463873894,5.162462838059892e-05,0.07028244264308349,3.3587757792904496e-06,0.25258200269627845,2.7465840036522373e-05,,,5.416686911033152,0.00026247268092014517,,
0.5043159487171359,5.2083389997627884e-05,0.07109709432312435,3.3372154167255036e-06,0.2555097090352507,2.7147233069143716e-05,,,5.479472336900287,0.00026395644794708235,,
0.5101615314749833,5.2546228394051896e-05,0.0719211887222119,3.315793452572502e-06,0.2584713507469564,2.683232197997326e-05,,,5.542985515684669,0.00026585542764132216,,
0.5160748710385907,5.3013179798120364e-05,0.07275483529196229,3.2945089984363408e-06,0.26146732118010924,2.6521063896390192e-05,,,5.607234882852032,0.00026776806914949824,,
0.5220567527846975,5.34842807600243e-05,0.07359814475265768,3.273361171624641e-06,0.26449801824277197,2.6213416443100996e-05,,,5.672228971644543,0.00026969447075868584,,
0.5281079711934331,5.3959568154757795e-05,0.07445122910795139,3.252349095111105e-06,0.26756384445520454,2.5909337736370533e-05,,,5.737976414214134,0.00027163473146306604,,
0.5342293299538352,5.443907918500406e-05,0.07531420165974372,3.2314718974991873e-06,0.27066520700332414,2.560878637832004e-05,,,5.804485942768978,0.0002735889509690129,,
0.5404216420705915,5.492285138404746e-05,0.07618717702322995,3.2288737438050695e-06,0.27380251779278575,2.5311721451290865e-05,,,5.871766390733256,0.0002755572297002179,,
0.546685729972018,5.546302026955884e-05,0.07707027114212299,3.2263838274513953e-06,0.27697619350368907,2.501810251227401e-05,,,5.939826693920357,0.0002775396688028482,,
0.55302242561929,5.633732132689648e-05,0.07796360130405233,3.2238958311738713e-06,0.28018665564591955,2.4727889587404255e-05,,,6.008675891719687,0.0002795363701507475,,
0.5594325706169377,5.7225404582447285e-05,0.07886728615614153,3.2214097534918363e-06,0.2834343306151309,2.4441043166517726e-05,,,6.07832312829723,0.00027907290682786866,,
0.5659170163246242,5.812748729431256e-05,0.07978144572076624,3.2189255929257895e-06,0.28671964974937697,2.4157524197773268e-05,,,6.148777653810023,0.0002783498121965197,,
0.5724766239702178,5.9043790145379705e-05,0.08070620141149504,3.2164433479973644e-06,0.2900430493863992,2.387729408233553e-05,,,6.220048825634712,0.0002776285911467089,,
0.5791122647641759,5.99745372973097e-05,0.08164167604921468,3.213963017229334e-06,0.2934049709215787,2.3600314669120185e-05,,,6.292146109610344,0.0002769092388238731,,
0.5858248200152536,6.091995644537487e-05,0.08258799387844268,3.2114845991456115e-06,0.29680586086656024,2.332654824960009e-05,,,6.365079081295571,0.00027619175038602926,,
0.5926151812475553,6.188027887416227e-05,0.08354528058382867,3.2090080922712536e-06,0.30024617090855493,2.3055957552671305e-05,,,6.4388574272404195,0.0002754761210037396,,
0.5994842503189409,6.285573951415408e-05,0.08451366330684718,3.2065334951324376e-06,0.30372635797033115,2.2788505739579087e-05,,,6.513490946272802,0.00027476234586007973,,
0.6064329395408061,6.38465769992003e-05,0.0854932706626838,3.2040608062564937e-06,0.30724688427090036,2.2524156398902675e-05,,,6.588989550799949,0.0002740504201506067,,
0.6134621717992506,6.496427996091113e-05,0.08648423275731722,3.2015900241718827e-06,0.3108082173869064,2.2262873541597955e-05,,,6.6653632681249135,0.0002733403390833247,,
0.62057288067765,6.709606480686533e-05,0.0874866812047991,3.1991211474082e-06,0.3144108303147265,2.2004621596097936e-05,,,6.742622241778342,0.0002726320978786557,,
0.62776601058065,6.929780358184276e-05,0.08850074914473434,3.1966541744961748e-06,0.318055201533292,2.1749365403470107e-05,,,6.820776732865685,0.00027192569176940533,,
0.6350425168595962,7.157179180464104e-05,0.08952657125996397,3.1941891039676752e-06,0.32174181506763716,2.1497070212629575e-05,,,6.899837121430019,0.0002712211160007319,,
0.642403365939419,7.392040032087055e-05,0.09056428379445289,3.191725934355684e-06,0.3254711605531848,2.1247701675608115e-05,,,6.9798139078306605,0.00027628233904276325,,
0.6498495354469889,7.634607777478395e-05,0.09161402457138516,3.189264664194333e-06,0.3292437333007769,2.1001225842878074e-05,,,7.060717714137773,0.0002815148953210385,,
0.6573820143409586,7.885135316221613e-05,0.09267593301146879,3.1868052920188777e-06,0.33306003436245885,2.0757609158730156e-05,,,7.142559285543126,0.00028684655183605005,,
0.6650018030431118,8.143883846729958e-05,0.09375015015145284,3.184347816365704e-06,0.3369205705980267,2.051681845670538e-05,,,7.225349491787214,0.0002922791854633447,,
0.6727099135712337,8.411123138570276e-05,0.09483681866285923,3.1897950272325828e-06,0.34082585474234517,2.027882095507946e-05,,,7.309099328602911,0.0002978147086249195,,
0.6805073696735207,8.68713181372294e-05,0.09593608287093142,3.2017261334704476e-06,0.3447764054734464,2.004358425239998e-05,,,7.393819919175866,0.0003034550699624455,,
0.6883952069645496,8.972197637071463e-05,0.09704808877380301,3.213701866806551e-06,0.34877274748141773,1.9886472701653024e-05,,,7.479522515621821,0.0003092022550232341,,
0.6963744730628222,9.266617816424232e-05,0.09817298406188836,3.2257223941640593e-06,0.3528154115380883,1.9885897457315854e-05,,,7.566218500481055,0.00030877929485529043,,
0.7044462277299037,9.57069931238151e-05,0.09931091813749796,3.2377878830904813e-06,0.356904934567523,1.9885322229618473e-05,,,7.653919388230148,0.0003011746072868736,,
0.7126115430111746,9.88475915837065e-05,0.10046204213468131,3.2498985017600206e-06,0.3610418597173337,1.9884747018560333e-05,,,7.742636826811269,0.00029375720971482836,,
0.7208715033782136,0.00010209124791183029,0.10162650893929952,3.2620544189759354e-06,0.36522673643081754,1.9884171824140987e-05,,,7.832382599179196,0.0002865224895180027,,
0.7292272058728313,0.00010745280265108708,0.10280447320933098,3.2742558041728594e-06,0.36946012051993027,1.9883596646359986e-05,,,7.923168624866253,0.0002794659476759386,,
0.737679760252773,0.00016208825984825547,0.10399609139541204,3.286502827419185e-06,0.3737425742391064,1.9883021485216783e-05,,,8.015006961565405,0.0002725831959710905,,
0.7462302891391108,0.0002445036642361593,0.1052015217616159,3.298795659419423e-06,0.3780746663599349,1.963871450361169e-05,,,8.107909806731687,0.0002658699542599444,,
0.7548799281653431,0.0003688240090977301,0.10642092440647247,3.311134471516602e-06,0.3824569722466999,1.9389779839311582e-05,,,8.201889499202203,0.00025932204781134753,,
0.7636298261282242,0.0005563562824789994,0.10765446128423159,3.3235194356946283e-06,0.38689007393279756,1.9144000598808663e-05,,,8.296958520834906,0.00025293540471038584,,
0.77248114514034,0.000839241224591302,0.10890229622637305,3.335950724580693e-06,0.3913745601980384,1.8901336784863558e-05,,,8.393129498166365,0.0002467060533262034,,
0.7814350607844542,0.0012659618579576157,0.1101645949633657,3.3484285114477024e-06,0.39591102664684585,1.8661748907230463e-05,,,8.490415204088746,0.0003262614768455801,,
0.790492762269642,0.0019096528850617038,0.11144152514667881,3.360952970216653e-06,0.40050007578736113,1.8425197976230374e-05,,,8.58882855954625,0.0006510508216102172,,
0.7996554525892346,0.0028806350827250506,0.11273325637104871,3.373524275459076e-06,0.40514231711146476,1.819164549640628e-05,,,8.688382635251184,0.0012991640215003243,,
0.8089243486805938,8.927998855157188e-05,0.11403996019700331,3.386142602399487e-06,0.40983836717572614,1.7961053460258447e-05,,,8.789090653419954,0.0025924660544725323,,
0.818300681586739,8.651924901987803e-05,0.11536181017364786,3.4436323017229957e-06,0.4145888496832911,1.7733384342059116e-05,,,8.890965989529159,0.0032722265403798785,,
0.8277856966198472,8.384387780963583e-05,0.11669898186171475,3.530824902428177e-06,0.41939439556671865,1.8372883747187e-05,,,8.994022174092045,0.0032690711513259974,,
0.8373806535266489,8.1251235138923e-05,0.11805165285688056,3.620225215499725e-06,0.4242556430717777,1.9152331191218072e-05,,,9.098272894455558,0.0032659188049954605,,
0.8470868266557402,7.873876285385554e-05,0.11942000281335324,3.7118891401063047e-06,0.4291732378422157,1.996484575341991e-05,,,9.20373199661822,0.003262769498454187,,
0.8569055051268347,7.63039819044635e-05,0.12080421346773289,3.8058739907807663e-06,0.43414783300550924,2.081183026641779e-05,,,9.310413487069075,0.0032596232287709264,,
0.8668379930019774,7.394448989861933e-05,0.12220446866314887,3.902238533257143e-06,0.4391800892596086,2.169474707631982e-05,,,9.418331534647951,0.003256479993017253,,
0.8768856094587426,7.165795873160285e-05,0.12362095437367691,4.0010430212149376e-06,0.4442706749606883,2.2615120567505008e-05,,,9.52750047242729,0.003253339788267567,,
0.8870496889654403,6.944213228896674e-05,0.12505385872903912,4.102349233953881e-06,0.4494202662119142,2.3574539794521803e-05,,,9.637934799615786,0.003250202611599089,,
0.897331581458352,6.729482422043452e-05,0.1265033720395904,4.206220515022537e-06,0.4546295469532399,2.457466122564235e-05,,,9.749649183484086,0.003247068460091857,,
0.9077326525210223,6.521391578263365e-05,0.12796968682159415,4.385262230549674e-06,0.45989920905224385,2.5617211602808327e-05,,,9.86265846131282,0.0032439373308287265,,
0.9182542835656282,6.319735374853726e-05,0.1294529978227916,4.587020352509907e-06,0.46522995239601894,2.6703990922906533e-05,,,9.9769776423632,0.0032408092208953644,,
0.9288978720164498,6.124314838155017e-05,0.13095350204826678,4.798061007107148e-06,0.4706224849841282,2.7836875545521933e-05,,,10.092621909870484,0.003237684127380249,,
0.9396648314954691,5.934937147224128e-05,0.13247139878661174,5.018811267171578e-06,0.4760775230226368,2.9017821432532688e-05,,,10.209606623060475,0.0032345620473746657,,
0.9505565920101191,5.7514154435783604e-05,0.13400688963639507,5.249717854395318e-06,0.4815957910192351,3.0248867525141895e-05,,,10.327947319189525,0.0032314429779727043,,
0.9615746001432096,5.5735686468226854e-05,0.1355601785329369,5.491248043341657e-06,0.4871780218794631,3.142732220750556e-05,,,10.447659715608053,0.0032283269162712573,,
0.9727203192450538,5.401221275978159e-05,0.13713147177539456,6.770572339291531e-06,0.4928249570040513,3.235083511793774e-05,,,10.56875971184805,0.0032252138593700168,,
0.9839952296278226,0.00015653411467877134,0.1387209780541621,9.895562322715934e-06,0.4985373463873894,3.330148607373382e-05,,,10.691263391734772,0.000512935453658677,,
0.9954008287621519,0.003102398417410231,0.13713147177539456,2.4863272831976093e-05,0.5043159487171359,3.42800725445317e-05,,,10.815187025522892,0.0003092032976060139,,
1.0069386314760271,0.003083196552664239,0.1355601785329369,2.591897699091987e-05,0.5101615314749833,3.528741543414843e-05,,,10.940547072057436,0.0003111220365862382,,
1.0186101701559753,0.0030641135351970688,0.13400688963639507,2.701950675583849e-05,0.5160748710385907,3.6324359769209697e-05,,,11.067360180959746,0.00031305268216416996,,
1.0304169949505875,0.0005105985804244609,0.13247139878661174,2.816676543925937e-05,0.5220567527846975,3.7391775408014485e-05,,,11.195643194838794,0.00031499530822534975,,
1.042360673976401,5.949370263794622e-05,0.13095350204826678,2.93627371690944e-05,0.5281079711934331,3.849055777023028e-05,,,11.325413151528126,0.0003169499891138112,,
1.0544427935261684,5.8028478031298946e-05,0.1294529978227916,3.060949032009227e-05,0.5342293299538352,3.9621628588031424e-05,,,11.456687286348727,0.0003189167996349248,,
1.0666649582795389,5.6599339313623644e-05,0.12796968682159415,3.190918109099152e-05,0.5404216420705915,4.078593667930923e-05,,,11.589483034398118,0.00032089581505825843,,
1.0790287915161836,5.520539775333815e-05,0.1265033720395904,3.326405723356139e-05,0.546685729972018,4.198445874360449e-05,,,11.723818032865998,0.00032288711112046174,,
1.0915359353313911,5.384578650674642e-05,0.12505385872903912,3.4676461939978454e-05,0.55302242561929,4.3218200181427775e-05,,,11.859710123376706,0.0003248907640281627,,
1.1041880508541602,5.382602916273462e-05,0.12362095437367691,3.614883789526333e-05,0.5594325706169377,4.448819593765733e-05,,,11.997177354358856,0.00032690685046088245,,
1.1169868184678227,5.391193571622862e-05,0.12220446866314887,3.768373150178534e-05,0.5659170163246242,4.579551136971945e-05,,,12.136237983442417,0.0003289354475739731,,
1.1299339380332216,5.3997979376918673e-05,0.12080421346773289,3.928379728314095e-05,0.5724766239702178,4.7141243141282114e-05,,,12.276910479883604,0.00033097663300156867,,
1.1430311291144786,5.40841603636284e-05,0.11942000281335324,4.0951802475022936e-05,0.5791122647641759,4.852652014220965e-05,,,12.419213527017845,0.00033303048485955463,,
1.1562801312073754,5.417047889553067e-05,0.11805165285688056,4.269063181101956e-05,0.5858248200152536,4.995250443555082e-05,,,12.563166024741214,0.0003350970817485608,,
1.1696827039703848,5.425693519214815e-05,0.11669898186171475,4.340739280673881e-05,0.5926151812475553,5.2159384363076726e-05,,,12.708787092020595,0.00033717650275696747,,
1.183240627458378,5.4343529473353864e-05,0.11536181017364786,4.4004384679641054e-05,0.5994842503189409,5.4533899055198976e-05,,,12.856096069432965,0.00033926882746393075,,
1.1969557023590427,5.4430261959371755e-05,0.11403996019700331,4.460958711929846e-05,0.6064329395408061,5.7016511649395036e-05,,,13.005112521734098,0.00034137413594243057,,
1.2108297502320393,5.451713287077724e-05,0.11273325637104871,4.522311304752724e-05,0.6134621717992506,5.9612143217103634e-05,,,13.155856240457052,0.00034349250876233444,,
1.2248646137509307,5.460414242849779e-05,0.11144152514667881,4.5845076939183004e-05,0.62057288067765,6.232593885764645e-05,,,13.30834724654076,0.00034562402699347933,,
1.2390621569479157,5.499035322270723e-05,0.1101645949633657,4.6475594843520745e-05,0.62776601058065,6.419971486198876e-05,,,13.46260579298911,0.0003477687722087764,,
1.2534242654613994,5.541637432734486e-05,0.10890229622637305,4.7114784405847286e-05,0.6350425168595962,6.502017774587397e-05,,,13.618652367560827,0.00034992682648733096,,
1.2679528467864338,5.5845695901445855e-05,0.10765446128423159,4.7762764889472765e-05,0.642403365939419,6.585112602436369e-05,,,13.77650769549055,0.0003520982724175844,,
1.2826498305280598,5.6278343514397746e-05,0.10642092440647247,4.841965719796279e-05,0.6498495354469889,6.66926936992542e-05,,,13.936192742241435,0.0003542831931004747,,
1.2975171686575868,5.671434293367915e-05,0.1052015217616159,4.908558389769788e-05,0.6573820143409586,6.754501648486458e-05,,,14.097728716289676,0.00035648167215261755,,
1.3125568357718427,5.7153720126394124e-05,0.10399609139541204,4.9760669240741876e-05,0.6650018030431118,6.840823182992291e-05,,,14.261137071941297,0.00035869379370950474,,
1.3277708293554291,5.7596501260819286e-05,0.10280447320933098,5.044503918802624e-05,0.6727099135712337,6.928247893973208e-05,,,14.426439512181588,0.0003609196424287251,,
1.3431611700460153,5.804271270796206e-05,0.10162650893929952,5.113882143285177e-05,0.6805073696735207,7.039897420641744e-05,,,14.593657991557576,0.0003631593034932038,,
1.3587299019027093,5.8460191009788376e-05,0.10046204213468131,5.1842145424714916e-05,0.6883952069645496,7.246438935506836e-05,,,14.76281471909391,0.00036541286261446355,,
1.3744790926775368,5.8869102860881015e-05,0.09931091813749796,5.2555142393460894e-05,0.6963744730628222,7.459040112155874e-05,,,14.933932161242533,0.00036768040603590277,,
1.3904108340900696,5.9280874930167875e-05,0.09817298406188836,5.327794537376902e-05,0.7044462277299037,7.67787873325381e-05,,,15.107033044866556,0.00036996202053609707,,
1.4065272421052364,5.969552722403443e-05,0.09704808877380301,5.401068922997518e-05,0.7126115430111746,7.903137797379798e-05,,,15.282140360258708,0.0003722577934321215,,
1.422830457214352,6.0113079888804954e-05,0.09593608287093142,5.475351068123585e-05,0.7208715033782136,8.13500567205539e-05,,,15.459277364194785,0.00037456781258288983,,
1.4393226447194065,6.053355321172132e-05,0.09483681866285923,5.5506548327037164e-05,0.7292272058728313,8.373676251262391e-05,,,15.638467583022479,0.00037689216639251834,,
1.4560059950206485,6.0956967621928794e-05,0.09375015015145284,6.14358663401e-05,0.737679760252773,8.61934911758207e-05,,,15.819734815786015,0.0003792309438137086,,
1.4728827239075017,6.138334369146821e-05,0.10399609139541204,6.073909790952378e-05,0.7462302891391108,8.872229709091343e-05,,,16.00310313738702,0.00038158423435115266,,
1.4899550728528537,6.181270213627608e-05,0.1052015217616159,6.135090558963978e-05,0.7548799281653431,9.132529491155462e-05,,,16.18859690178199,0.0003839521280649565,,
1.5072253093107555,6.22450638171907e-05,0.10642092440647247,6.196887583473173e-05,0.7636298261282242,9.400466133260885e-05,,,16.37624074521689,0.00038633471557408784,,
1.524695727017573,6.268044974096583e-05,0.10765446128423159,6.259307071856615e-05,0.77248114514034,9.676263691036212e-05,,,16.56605958949915,0.0003887320880598448,,
1.5423686462966273,6.336405655427073e-05,0.10890229622637305,6.322355294016097e-05,0.7814350607844542,9.960152793613294e-05,,,16.758078645307688,0.0003911443372693436,,
1.560246414366368,6.436290698421263e-05,0.1101645949633657,6.386038583008362e-05,0.790492762269642,0.00010252370836485449,,,16.952323415541215,0.00039357155551903084,,
1.5783314056521165,6.537750296826901e-05,0.11144152514667881,6.450363335681203e-05,0.7996554525892346,0.00010553162180023713,,,17.14881969870541,0.0003960138356982161,,
1.5966260221014252,6.640809271424673e-05,0.11273325637104871,6.515336013316074e-05,0.8089243486805938,0.00010862778353817393,,,17.347593592339326,0.0003984712712726278,,
1.6151326935030912,6.745492834261964e-05,0.11403996019700331,6.580963142277072e-05,0.818300681586739,0.00011181478267009686,,,17.54867149648152,0.00040094395628798826,,
1.6338538778098621,6.795639367807515e-05,0.11536181017364786,6.647251314666509e-05,0.8277856966198472,0.0001150952842480428,,,17.75208011717636,0.00040343198537361424,,
1.6527920614648957,6.771671594235808e-05,0.11669898186171475,6.835472240739672e-05,0.8373806535266489,0.00011847203151323974,,,17.957846470020968,0.0004059354537460375,,
1.6719497597319901,6.747788353426777e-05,0.11805165285688056,7.030456227924993e-05,0.8470868266557402,0.0001219478481900769,,,18.165997883753285,0.0004084544572126504,,
1.6913295170296487,6.723989347238943e-05,0.11942000281335324,7.231002194432265e-05,0.8569055051268347,0.00012552564084737682,,,18.376562003881723,0.00041098909217536956,,
1.710933907269015,6.698308343498598e-05,0.12080421346773289,7.437268797464162e-05,0.8668379930019774,0.00012920840132894435,,,18.589566796356884,0.00041353945563432854,,
1.7307655341957258,6.624606742708673e-05,0.12220446866314887,7.649419219969793e-05,0.8768856094587426,0.00013299920925542467,,,18.805040551285835,0.00041610564519158706,,
1.750827031735725,6.551716081887547e-05,0.12362095437367691,7.95876159267998e-05,0.8870496889654403,0.00013690123459956274,,,19.023011886689456,0.0004186877590548678,,
1.7711210643450888,6.479627438248918e-05,0.12505385872903912,8.283457940225763e-05,0.897331581458352,0.00014091774033701671,,,19.24350975230332,0.00042128589604131404,,
1.7916503273639013,6.408331987184067e-05,0.1265033720395904,8.621401036889731e-05,0.9077326525210223,0.00014505208517494474,,,19.466563433422632,0.0004239001555812731,,
1.8124175473742377,6.337821001181596e-05,0.12796968682159415,8.907887415534031e-05,0.9182542835656282,0.00014930772636064294,,,19.692202554791734,0.0004265306377220988,,
1.8334254825622907,6.264660199103614e-05,0.1294529978227916,9.190629965044879e-05,0.9288978720164498,0.00015368822257258612,,,19.92045708453871,0.00042917744313198243,,
1.8546769230846993,6.187140918967955e-05,0.13095350204826678,9.482346959962895e-05,0.9396648314954691,0.00015819723689628796,,,20.151357338155584,0.00043184067310380377,,
1.8761746914391215,6.110580867042888e-05,0.13247139878661174,9.783323255434572e-05,0.9505565920101191,0.00016283853988746883,,,20.384933982524643,0.00043452042955900976,,
1.8979216428391015,6.0349681737811414e-05,0.13400688963639507,0.00010093852748107164,0.9615746001432096,0.00016761601272509316,,,20.621218039991444,0.0004372168150515123,,
1.9199206655932848,5.960291116509932e-05,0.1355601785329369,0.0001245035022370379,0.9727203192450538,0.00017253365045691275,,,20.86024089248505,0.0004399299327716143,,
1.9421746814890264,5.886538117613532e-05,0.13713147177539456,0.00016361238425373237,0.9839952296278226,0.00017759556534023026,,,21.102034285685967,0.00044265988654996,,
1.9646866461804466,5.846246543680405e-05,0.1387209780541621,0.00021895328013653872,0.9954008287621519,0.0001828059902806763,,,21.346630333242455,0.00044540678086150596,,
1.9874595495809837,6.044375064548371e-05,0.1403289084785873,0.0009611797725511867,1.0069386314760271,0.00018816928237187588,,,21.594061521035677,0.00044817072082952103,,
2.0104964162604992,6.24921813474095e-05,,,1.0186101701559753,0.00019368992653896432,,,21.844360711494286,0.0004509518122296091,,
2.0338003058469822,6.461003309445203e-05,,,1.0304169949505875,0.0001993725392889977,,,22.09756114795903,0.0004537501614937565,,
2.0573743134329137,6.592788763962331e-05,,,1.042360673976401,0.00020522187257139882,,,22.353696459097964,0.00045656587571440694,,
2.0812215699863392,6.571098955599995e-05,,,1.0544427935261684,0.00021124281775166022,,,22.612800663372795,0.00045939906264855706,,
2.105345242766706,6.549480505171855e-05,,,1.0666649582795389,0.0002174404097016323,,,22.874908173557042,0.00046224983072188334,,
2.129748535745521,6.527933177915348e-05,,,1.0790287915161836,0.00022381983100981483,,,23.14005380130654,0.00046511828903288886,,
2.1544346900318843,6.506456739840296e-05,,,1.0915359353313911,0.00023038641631517316,,,23.408272761782943,0.00046800454735708023,,
2.1794069843029558,6.485050957726301e-05,,,1.1041880508541602,0.00023714565676810262,,,23.679600678330786,0.0004709087161511675,,
2.2046687352394096,6.463715599120251e-05,,,1.1169868184678227,0.00024410320462227235,,,23.954073587208793,0.0004738309065572933,,
2.2302232979659387,6.442450432333778e-05,,,1.1299339380332216,0.0002512648779611875,,,24.231727942376008,0.00047677123040728366,,
2.2560740664968613,6.421255226440787e-05,,,1.1430311291144786,0.000258636665563423,,,24.512600620333398,0.0004797298002269294,,
2.2822244741868984,6.40012975127488e-05,,,1.1562801312073754,0.0002662247319105965,,,24.7967289250216,0.0004827067292402917,,
2.30867799418717,6.3790737774269e-05,,,1.1696827039703848,0.0002740354223422702,,,25.084150592775412,0.0004857021313740367,,
2.335438139906479,6.35808707624242e-05,,,1.183240627458378,0.00028207526836208685,,,25.374903797335715,0.0004887161212617934,,
2.3625084654779474,6.337169419819303e-05,,,1.1969557023590427,0.00029035099309958904,,,25.66902715491952,0.0004917488142485411,,
2.38989256623105,6.31632058100516e-05,,,1.2108297502320393,0.00029886951693227157,,,25.966559729348724,0.0004948003263950259,,
2.4175940791691306,6.295540333394928e-05,,,1.2248646137509307,0.00030763796327258234,,,26.267541037238384,0.0004978707744821989,,
2.4456166834524464,6.274828451328403e-05,,,1.2390621569479157,0.00031666366452470915,,,26.572011053245067,0.0005009602760156878,,
2.473964100886814,6.254184709887773e-05,,,1.2534242654613994,0.00032595416821612553,,,26.880010215376075,0.0005040689492302924,,
2.5026400964179194,6.233608884895225e-05,,,1.2679528467864338,0.00033551724330903115,,,27.19157943036019,0.0005071969130945116,,
2.5316484786313556,6.213100752910441e-05,,,1.2826498305280598,0.0003453608866969613,,,27.506760079080674,0.0005103442873150933,,
2.560993100258459,6.175909488464818e-05,,,1.2975171686575868,0.00035549332989199856,,,27.825594022071257,0.0005135111923416172,,
2.590677858688009,6.124926003989077e-05,,,1.3125568357718427,0.00037870058270226024,,,28.148123605075813,0.0005166977493711057,,
2.6207066964838526,6.0743633993358366e-05,,,1.3277708293554291,0.0004050426999228296,,,28.474391664672478,0.0005199040803526592,,
2.651083601908539,6.02421820005005e-05,,,1.3431611700460153,0.0004332171542755754,,,28.80444153396298,0.0005231303079921249,,
2.6818126094530155,5.974486960359056e-05,,,1.3587299019027093,0.0004633514017025486,,,29.138317048327885,0.0005264500454711979,,
2.7128978003724673,5.925166262935801e-05,,,1.3744790926775368,0.0004955817638817372,,,29.476062551248585,0.0005301465518652901,,
2.7443433032283653,5.8762527186640145e-05,,,1.3904108340900696,0.000530054044920747,,,29.817722900196735,0.0005338690135416345,,
2.776153294436801,5.829533605914093e-05,,,1.4065272421052364,0.0005736206180483959,,,30.163343472591972,0.0005376176127470882,,
2.8083319988231725,5.8947912904395555e-05,,,1.422830457214352,0.0006270548078911767,,,30.51297017182871,0.0005413925330081692,,
2.840883690183304,5.960779490590723e-05,,,1.4393226447194065,0.0006854665256580209,,,30.866649433372746,0.0005451939591400395,,
2.8738126918510662,6.027506383995745e-05,,,1.4560059950206485,0.0007493194404773963,,,31.22442823092858,0.0005490220772555543,,
2.9071233772725784,6.094980239825818e-05,,,1.4728827239075017,0.0008191204134123989,,,31.58635408267819,0.0005528770747743721,,
2.9408201705870636,6.163209419819904e-05,,,1.4899550728528537,0.0008954235208970787,,,31.952475057592135,0.0005567591404321332,,
2.9749075472144404,6.381476308112017e-05,,,1.5072253093107555,0.0009788344529658925,,,32.322839781813805,0.0005606684642896982,,
3.009390034449721,6.878120746654369e-05,,,1.524695727017573,0.0010700153211891843,,,32.697497445117676,0.0005646052377424534,,
3.044272212064303,0.003163323862068,,,1.5423686462966273,0.0013759355762427612,,,33.07649780744242,0.0005685696535296821,,
3.1878912926776457,6.3032689116463e-05,,,1.560246414366368,0.002348255822714702,,,33.45989120549975,0.0005725619057439983,,
3.2248424984084423,6.27730448333009e-05,,,,,,,33.84772855945983,0.0005765821898408532,,
3.26222200971167,6.251447007699407e-05,,,,,,,34.240061379714255,0.0005806307026481018,,
3.3000347911252854,6.225696044194713e-05,,,,,,,34.636941773717346,0.0005847076423756383,,
3.338285864731761,6.208715178776454e-05,,,,,,,35.03842245290676,0.0005888132086251039,,
3.3769803108250915,6.208926690729613e-05,,,,,,,35.44455673970435,0.0005929476023996559,,
3.4161232685855283,6.209138209888339e-05,,,,,,,35.85539857459817,0.0005971110261138095,,
3.4557199367621396,6.209349736252863e-05,,,,,,,36.271002523306485,0.0006013036836033485,,
3.4957755743632752,6.209561269823458e-05,,,,,,,36.69142378402494,0.0006055257801353026,,
3.536295501355043,6.209772810600341e-05,,,,,,,37.11671819475767,0.0006097775224180001,,
3.5772850993678733,0.0002628627282227218,,,,,,,37.546942240733365,0.0006140591186111857,,
3.6187498124112802,0.0021236182274368266,,,,,,,37.98215306190736,0.0006183707783362134,,
3.6606951475969023,0.00314385976995085,,,,,,,38.422408460550606,0.0006227127126863069,,
3.7031266758699273,0.0031179065194900544,,,,,,,38.867766908926676,0.0006270851342368972,,
3.7031266758699273,6.822556502357e-05,,,,,,,39.3182875570577,0.0006314882570560284,,
3.8778284145894575,6.179714845268097e-05,,,,,,,39.774030240580366,0.0006359222967148388,,
3.9227767589277196,6.589756675144114e-05,,,,,,,40.23505548869293,0.000640387470298115,,
3.9682461045694817,7.027005958188743e-05,,,,,,,40.70142453219439,0.0006448839964149184,,
4.014242490499322,7.493267987067258e-05,,,,,,,41.17319931161679,0.000649412095209291,,
4.060772025700365,7.990467840798559e-05,,,,,,,41.65044248545185,0.0006539719883710313,,
4.1078408899656464,7.770383088661422e-05,,,,,,,42.13321743847289,0.0006585638991465492,,
4.155455334718876,7.355277734959281e-05,,,,,,,42.62158829015325,0.0006631880523497932,,
4.203621683844713,6.962347923016942e-05,,,,,,,43.115619903182285,0.0006678446743732607,,
4.252346334528682,6.874900578932544e-05,,,,,,,43.615377892080055,0.0006725339931990794,,
4.301635758106795,6.953614119554318e-05,,,,,,,44.1209286319119,0.0006772562384101707,,
4.35149650092505,7.033228883605592e-05,,,,,,,44.63233926710397,0.0006820116412014865,,
4.401935185208875,7.113755189560969e-05,,,,,,,45.14967772036102,0.0006868004343913327,,
4.452958509942655,7.195203474035479e-05,,,,,,,45.67301270168747,0.0006916228524327645,,
4.504573251759458,7.277584293137195e-05,,,,,,,46.20241371751313,0.0006964791314250669,,
4.556786265841064,7.360908323835423e-05,,,,,,,46.737951079924635,0.0007013695091253106,,
4.609604486828434,7.358904928378519e-05,,,,,,,47.27969591600391,0.0007062942249599964,,
4.663034929742731,7.32655907605809e-05,,,,,,,47.827720177274855,0.0007112535200367747,,
4.717084690917018,7.294355398989634e-05,,,,,,,48.38209664925957,0.0007162476371562513,,
4.771760948938746,7.262293272245943e-05,,,,,,,48.94289896114532,0.0007212768208238714,,
4.827070965603183,7.230372073646715e-05,,,,,,,49.510201595563515,0.0007263413172618945,,
4.8830220868778795,7.198591183746378e-05,,,,,,,50.08407989848212,0.0007314413744214469,,
4.9396217438783205,7.166949985822124e-05,,,,,,,50.66461008921269,0.0007365772419946607,,
4.996877453854884,7.135447865861961e-05,,,,,,,51.25186927053333,0.0007417491714269006,,
5.054796821191241,7.104084212552739e-05,,,,,,,51.84593543892913,0.00074695741592907,,
5.113387538414326,7.07285841726831e-05,,,,,,,52.44688749495119,0.000752202230490013,,
5.172657387216019,7.041769874057767e-05,,,,,,,53.05480525369574,0.0007574838718889953,,
5.2326142394866615,7.010817979633605e-05,,,,,,,53.66976945540476,0.0007628025987082772,,
5.293266058360562,6.980002133360047e-05,,,,,,,54.29186177618943,0.0007681586713457704,,
5.354620899273607,6.949321737241436e-05,,,,,,,54.92116483887789,0.0007735523520277915,,
5.416686911033152,6.918776195910536e-05,,,,,,,55.557762223988775,0.0007789839048218966,,
5.479472336900287,6.888364916617077e-05,,,,,,,56.20173848083188,0.0007844535956498113,,
5.542985515684669,6.858087309216172e-05,,,,,,,56.85317913873753,0.0007899616923004502,,
5.607234882852032,6.827942786156898e-05,,,,,,,57.51217071841614,0.0007955084644430245,,
5.672228971644543,6.797930762470931e-05,,,,,,,58.17880074344935,0.000801094183640249,,
5.737976414214134,6.768050655761121e-05,,,,,,,58.8531577519145,0.0008067191233616348,,
5.804485942768978,6.738301886190229e-05,,,,,,,59.535331308143704,0.0008123835589968795,,
5.871766390733256,6.70868387646971e-05,,,,,,,60.22541201461928,0.0008180877678693463,,
5.939826693920357,6.679196051848427e-05,,,,,,,60.92349152400712,0.000823832029249647,,
6.008675891719687,6.649837840101587e-05,,,,,,,61.629662551329425,0.0008296166243693105,,
6.07832312829723,6.620608671519566e-05,,,,,,,62.34401888627864,0.0008651647165105626,,
6.148777653810023,6.59150797889688e-05,,,,,,,63.066655405674055,0.0009041721941327984,,
6.220048825634712,6.562535197521212e-05,,,,,,,63.79766808606282,0.0009449383927030975,,
6.292146109610344,6.533689765162388e-05,,,,,,,64.53715401646701,0.000987542607258243,,
6.365079081295571,6.497052492885608e-05,,,,,,,65.28521141127847,0.001032067707991662,,
6.4388574272404195,6.453176575873826e-05,,,,,,,66.04193962330305,0.0010786003014456498,,
6.513490946272802,6.409596961854157e-05,,,,,,,66.80743915695615,0.0011272308989712532,,
6.588989550799949,6.366311649832237e-05,,,,,,,67.5818116816111,0.0011780540927834814,,
6.6653632681249135,6.323318652326823e-05,,,,,,,68.36516004510239,0.0012311687399542285,,
6.742622241778342,6.280615995278506e-05,,,,,,,69.15758828738525,0.001286678154700888,,
6.820776732865685,6.238201717959133e-05,,,,,,,69.95920165435375,0.0013446903093446286,,
6.899837121430019,6.198234776562405e-05,,,,,,,70.77010661181889,0.0014053180443291931,,
6.9798139078306605,6.15987166201948e-05,,,,,,,71.59041085964888,0.0014686792877088282,,
7.060717714137773,6.121745990653613e-05,,,,,,,72.42022334607316,0.0015348972845321519,,
7.142559285543126,6.083856292843169e-05,,,,,,,73.2596542821523,0.0016041008365682314,,
7.225349491787214,6.046201108062562e-05,,,,,,,74.1088151564157,0.0016764245528411504,,
7.309099328602911,6.008778984825919e-05,,,,,,,74.96781874966877,0.0017520091114603112,,
7.393819919175866,5.971588480631135e-05,,,,,,,75.8367791499719,0.0018310015332558746,,
7.479522515621821,5.92920394205684e-05,,,,,,,76.71581176779303,0.0019135554677515286,,
7.566218500481055,5.831515594923382e-05,,,,,,,77.6050333513357,0.0019998314920307947,,
7.653919388230148,5.735436740946002e-05,,,,,,,78.50456200204509,0.0020899974230783095,,
7.742636826811269,5.6409408624458e-05,,,,,,,,,,
7.832382599179196,5.5442554851158714e-05,,,,,,,,,,
7.923168624866253,5.4415743786061306e-05,,,,,,,,,,
8.015006961565405,5.3407949538753613e-05,,,,,,,,,,
8.107909806731687,5.241881991264268e-05,,,,,,,,,,
8.201889499202203,5.144800923391139e-05,,,,,,,,,,
8.296958520834906,5.04468254462544e-05,,,,,,,,,,
8.393129498166365,4.935823258387714e-05,,,,,,,,,,
8.490415204088746,4.829313048448709e-05,,,,,,,,,,
8.58882855954625,4.72510122405299e-05,,,,,,,,,,
8.688382635251184,4.623138188301728e-05,,,,,,,,,,
8.789090653419954,4.5225587326478144e-05,,,,,,,,,,
8.890965989529159,4.42220487006449e-05,,,,,,,,,,
8.994022174092045,4.324077821621281e-05,,,,,,,,,,
9.098272894455558,4.228128175157204e-05,,,,,,,,,,
9.20373199661822,4.1343076149483556e-05,,,,,,,,,,
9.310413487069075,4.042568897378436e-05,,,,,,,,,,
9.418331534647951,3.950724799231597e-05,,,,,,,,,,
9.52750047242729,3.7427852682108534e-05,,,,,,,,,,
9.637934799615786,3.545790272878729e-05,,,,,,,,,,
9.749649183484086,3.359163766627592e-05,,,,,,,,,,
9.86265846131282,5.992307370137965e-05,,,,,,,,,,
9.9769776423632,0.000686698502287849,,,,,,,,,,
