Belle_II x,Belle_II y,DUNE x,DUNE y
0.0029886528735503827,1.940481701299175e-05,0.00245691646298279,1.0517226653095067e-06
0.0030232946844057766,1.9402936236153218e-05,0.0024853948574297983,1.0639018575281775e-06
0.003058338032378432,1.9401055641605546e-05,0.0025142033481427967,1.0762220876154731e-06
0.0030937875717301365,1.9399175229331142e-05,0.002543345761304648,1.0886849888226016e-06
0.0031296480106707504,1.93972949993123e-05,0.002572825967447932,1.1012922133141933e-06
0.0031659241119835206,1.9395414951531353e-05,0.0026026478819690044,1.1140454323873334e-06
0.00320262069365765,1.939353508597061e-05,0.00263281546564802,1.1269463366931155e-06
0.0032397426295281955,1.9391655402612476e-05,0.002663332725174981,1.1399966364607575e-06
0.003277294849923382,1.9389775901439253e-05,0.0026942037136818823,1.153198061724335e-06
0.0033152823423194234,1.9387896582433255e-05,0.0027254325312810277,1.1665523625521187e-06
0.0033537101520029287,1.9386017445576888e-05,0.0027570233256095826,1.1800613092785695e-06
0.003392583382740992,1.938413849085247e-05,0.0027889802923804397,1.1937266927390379e-06
0.0034319071974590427,1.9382259718242343e-05,0.002821307675939471,1.2075503245071626e-06
0.0034716868189265592,1.9380381127728824e-05,0.0028540097698292375,1.221534037135019e-06
0.003511927530450728,1.937850271929433e-05,0.0028870909173592347,1.235679684396066e-06
0.0035526346765781393,1.9376624492921184e-05,0.002920555512182745,1.2499891415308872e-06
0.003593813663804626,1.9374746448591734e-05,0.00295440799888038,1.2644643054957889e-06
0.0036354699612933176,1.9372868586288306e-05,0.0029886528735503827,1.2791070952142642e-06
0.0036776091016010306,1.9370990905993322e-05,0.0030232946844057766,1.2939194518313918e-06
0.0037202366814130658,1.936911340768911e-05,0.003058338032378432,1.3089033389711605e-06
0.003763358362286533,1.9367236091357994e-05,0.0030937875717301365,1.3240607429967728e-06
0.003806979871402284,1.936535895698241e-05,0.0031296480106707504,1.3393936732739845e-06
0.003851107002325569,1.936348200454468e-05,0.0031659241119835206,1.3549041624374728e-06
0.0038957456157755013,1.9361605234027178e-05,0.00320262069365765,1.3705942666602882e-06
0.003940901640403447,1.9359728645412235e-05,0.0032397426295281955,1.386466065926449e-06
0.003986581073580439,1.9357852238682285e-05,0.003277294849923382,1.4025216643066703e-06
0.004032789982193705,1.935597601381967e-05,0.0033152823423194234,1.4187631902372867e-06
0.004079534503452449,1.935409997080676e-05,0.0033537101520029287,1.4351927968024258e-06
0.004126820845702952,1.9352224109625897e-05,0.003392583382740992,1.451812662019429e-06
0.004174655289253135,1.9350348430259525e-05,0.0034319071974590427,1.4686249891275754e-06
0.0042230441872066725,1.9348472932689987e-05,0.0034716868189265592,1.4856320068801732e-06
0.004271993966306777,1.9346597616899632e-05,0.003511927530450728,1.5028359698400108e-06
0.004321511127789762,1.9344722482870903e-05,0.0035526346765781393,1.5202391586782278e-06
0.004371602248248502,1.9342847530586154e-05,0.003593813663804626,1.5378438804766727e-06
0.004422273980505897,1.934097276002777e-05,0.0036354699612933176,1.5556524690337333e-06
0.004473533054498463,1.9339098171178098e-05,0.0036776091016010306,1.573667285173727e-06
0.004525386278170167,1.93372237640196e-05,0.0037202366814130658,1.5918907170598552e-06
0.004577840538376616,1.9335349538534632e-05,0.003763358362286533,1.610325180510811e-06
0.004630902801799737,1.9333475494705583e-05,0.003806979871402284,1.628973119321028e-06
0.004684580115873045,1.9331601632514812e-05,0.003851107002325569,1.6478370055846376e-06
0.004738879609717651,1.9329727951944784e-05,0.0038957456157755013,1.6669193400232023e-06
0.004793808495089107,1.932785445297786e-05,0.003940901640403447,1.6862226523172196e-06
0.004849374067335233,1.9325981135596404e-05,0.003986581073580439,1.7057495014414657e-06
0.004905583706365045,1.932410799978289e-05,0.004032789982193705,1.7255024760042457e-06
0.004962444877628913,1.9322235045519678e-05,0.004079534503452449,1.7454841945905492e-06
0.005019965133110079,1.9320362272789175e-05,0.004126820845702952,1.7656973061091777e-06
0.0050781521123276704,1.9318489681573753e-05,0.004174655289253135,1.78614449014392e-06
0.005137013543351339,1.9316617271855886e-05,0.0042230441872066725,1.8068284573087662e-06
0.005196557243827658,1.9314745043617948e-05,0.004271993966306777,1.8277519496072345e-06
0.005256791122018419,1.931287299684235e-05,0.004321511127789762,1.84891774079589e-06
0.0053177231778509665,1.9311001131511472e-05,0.004371602248248502,1.8703286367520374e-06
0.0053793615039806975,1.9309129447607795e-05,0.004422273980505897,1.891987475845695e-06
0.005441714286865887,1.9307257945113697e-05,0.004473533054498463,1.9138971293158536e-06
0.005504789807854967,1.9305386624011566e-05,0.004525386278170167,1.9360605016511267e-06
0.005568596444286409,1.9303515484283885e-05,0.004577840538376616,1.9584805309747793e-06
0.005633142670601352,1.9301644525913042e-05,0.004630902801799737,1.9811601894342146e-06
0.005698437059469136,1.929977374888146e-05,0.004684580115873045,2.004102483595002e-06
0.005764488282925874,1.9297903153171528e-05,0.004738879609717651,2.0273104548394364e-06
0.005831305113526219,1.9296032738765742e-05,0.004793808495089107,2.050787179769715e-06
0.005898896425508494,1.9294162505646494e-05,0.004849374067335233,2.0745357706158113e-06
0.00596727119597331,1.929229245379621e-05,0.004905583706365045,2.098559375648044e-06
0.006036438506075864,1.9290422583197293e-05,0.004962444877628913,2.12286117959442e-06
0.0061064075422320365,1.9288552893832238e-05,0.005019965133110079,2.147444404062846e-06
0.006177187597338488,1.9286683385683452e-05,0.0050781521123276704,2.1723123079681957e-06
0.006248788072006888,1.9284814058733326e-05,0.005137013543351339,2.1974681879643195e-06
0.0063212184758124484,1.9282944912964377e-05,0.005196557243827658,2.222915378881096e-06
0.006394488428556943,1.9281075948359005e-05,0.005256791122018419,2.2486572541665063e-06
0.006468607661546328,1.9279207164899648e-05,0.0053177231778509665,2.27469722633383e-06
0.006543586018883236,1.9277338562568722e-05,0.0053793615039806975,2.3010387474140557e-06
0.006619433458774394,1.9275470141348735e-05,0.005441714286865887,2.3276853094134763e-06
0.006696160054853222,1.9273601901222098e-05,0.005504789807854967,2.354640444776638e-06
0.006773775997517752,1.9271733842171226e-05,0.005568596444286409,2.381907726854615e-06
0.006852291595284064,1.926986596417864e-05,0.005633142670601352,2.4094907703787014e-06
0.006931717276155407,1.9267998267226756e-05,0.005698437059469136,2.43739323193963e-06
0.007012063589007184,1.926613075129802e-05,0.005764488282925874,2.465618810472302e-06
0.007093341204987997,1.926426341637486e-05,0.005831305113526219,2.4941712477461303e-06
0.007175560918936928,1.9262396262439802e-05,0.005898896425508494,2.523054328861096e-06
0.007258733650817253,1.9260529289475264e-05,0.00596727119597331,2.5522718827495123e-06
0.007342870447166765,1.925866249746371e-05,0.006036438506075864,2.5818277826836193e-06
0.007427982482564918,1.9256795886387563e-05,0.0061064075422320365,2.611725946789035e-06
0.00751408106111697,1.9254929456229357e-05,0.006177187597338488,2.641970338564193e-06
0.00760117761795533,1.9253063206971527e-05,0.006248788072006888,2.6725649674057577e-06
0.007689283720758313,1.9251197138596496e-05,0.0063212184758124484,2.703513889140122e-06
0.00777841107128649,1.924933125108681e-05,0.006394488428556943,2.7348212065611073e-06
0.007868571506936851,1.9247465544424897e-05,0.006468607661546328,2.766491069973819e-06
0.007959777002314986,1.9245600018593235e-05,0.006543586018883236,2.7985276777448777e-06
0.008052039670825477,1.924373467357426e-05,0.006619433458774394,2.830935276858942e-06
0.008145371766280746,1.9241869509350515e-05,0.006696160054853222,2.8637181634817527e-06
0.00823978568452852,1.9240004525904444e-05,0.006773775997517752,2.8968806835296447e-06
0.008335293965098196,1.9238139723218524e-05,0.006852291595284064,2.9304272332456573e-06
0.00843190929286626,1.9236275101275202e-05,0.006931717276155407,2.9643622597823573e-06
0.008529644499741026,1.923441066005703e-05,0.007012063589007184,2.998690261791364e-06
0.008628512566366896,1.9232546399546453e-05,0.007093341204987997,3.033415790019732e-06
0.00872852662384838,1.9230682319725924e-05,0.007175560918936928,3.0685434479132033e-06
0.008829699955494092,1.9228818420577998e-05,0.007258733650817253,3.104077892226505e-06
0.00893204599858097,1.9226954702085134e-05,0.007342870447166765,3.1400238336406648e-06
0.00903557834613893,1.9225091164229814e-05,0.007427982482564918,3.1763860373874704e-06
0.009140310748756233,1.9223227806994506e-05,0.00751408106111697,3.2131693238812156e-06
0.009246257116405743,1.922136463036176e-05,0.00760117761795533,3.250378569357708e-06
0.009353431520292386,1.921950163431405e-05,0.007689283720758313,3.28801870652068e-06
0.009461848194722003,1.9217638818833863e-05,0.00777841107128649,3.326094725195733e-06
0.009571521538991866,1.9215776183903668e-05,0.007868571506936851,3.3646116729918056e-06
0.009682466119303124,1.9213913729506033e-05,0.007959777002314986,3.4035746559703e-06
0.009794696670695395,1.9212051455623428e-05,0.008052039670825477,3.442988839322011e-06
0.009908228099003798,1.921018936223832e-05,0.008145371766280746,3.48285944805184e-06
0.010023075482838654,1.9208327449333283e-05,0.00823978568452852,3.5231917676714374e-06
0.010139254075588154,1.9206465716890794e-05,0.008335293965098196,3.5639911448999214e-06
0.010256779307444218,1.9204604164893357e-05,0.00843190929286626,3.605262988372659e-06
0.01037566678745186,1.9202742793323452e-05,0.008529644499741026,3.6470127693582467e-06
0.010495932305582278,1.920088160216366e-05,0.008628512566366896,3.6892460224838604e-06
0.010617591834830001,1.9199020591396454e-05,0.00872852662384838,3.7319683464689346e-06
0.010740661533334334,1.919715976100436e-05,0.008829699955494092,3.775185404867378e-06
0.010865157746525383,1.9195299110969854e-05,0.00893204599858097,3.818902926818348e-06
0.010991097009294973,1.9193438641275528e-05,0.00903557834613893,3.86312670780578e-06
0.01111849604819271,1.9191578351903864e-05,0.009140310748756233,3.907862610426657e-06
0.01124737178364752,1.9189718242837356e-05,0.009246257116405743,3.9531165651681735e-06
0.011377741332214914,1.9187858314058592e-05,0.009353431520292386,3.998894571193961e-06
0.011509622008850324,1.9185998565550062e-05,0.009461848194722003,4.045202697139355e-06
0.011643031329208768,1.91841389972943e-05,0.009571521538991866,4.092047081915876e-06
0.011777987011971193,1.91822796092738e-05,0.009682466119303124,4.139433935525081e-06
0.01191450698119776,1.918042040147116e-05,0.009794696670695395,4.187369539881788e-06
0.012052609368708425,1.9178561373868874e-05,0.009908228099003798,4.2358602496468194e-06
0.012192312516491107,1.917670252644948e-05,0.010023075482838654,4.284912493069465e-06
0.01233363497913776,1.9174843859195486e-05,0.010139254075588154,4.334532772839635e-06
0.012476595526308698,1.9172985372089488e-05,0.010256779307444218,4.384727666949868e-06
0.012621213145225473,1.9171127065113995e-05,0.01037566678745186,4.4355038295674066e-06
0.012767507043192657,1.9169268938251516e-05,0.010495932305582278,4.486867991916293e-06
0.01291549665014884,1.9167410991484665e-05,0.010617591834830001,4.538826963169679e-06
0.013065201621247212,1.9165553224795944e-05,0.010740661533334334,4.591387631352542e-06
0.013216641839466052,1.9163695638167904e-05,0.010865157746525383,4.644556964254781e-06
0.013369837418249465,1.916183823158306e-05,0.010991097009294973,4.698342010354921e-06
0.013524808704178755,1.9159981005024028e-05,0.01111849604819271,4.752749899754481e-06
0.013681576279674718,1.9158123958473323e-05,0.01124737178364752,4.8077878451232295e-06
0.013840160965731315,1.9156267091913505e-05,0.011377741332214914,4.8634631426553244e-06
0.014000583824680975,1.9154410405327086e-05,0.011509622008850324,4.919783173036517e-06
0.014162866162991988,1.9152553898696697e-05,0.011643031329208768,4.976755402422637e-06
0.014327029534098309,1.915069757200486e-05,0.011777987011971193,5.034387383429328e-06
0.014493095741262165,1.91488414252341e-05,0.01191450698119776,5.092686756133247e-06
0.014661086840469845,1.914698545836705e-05,0.012052609368708425,5.151661249084936e-06
0.014831025143361045,1.9145129671386232e-05,0.012192312516491107,5.2113186803333434e-06
0.015002933220192183,1.9143274064274214e-05,0.01233363497913776,5.2716669584622094e-06
0.015176833902834053,1.9141418637013532e-05,0.012476595526308698,5.332714083638534e-06
0.015352750287804227,1.913956338958682e-05,0.012621213145225473,5.394468148673107e-06
0.015530705739334601,1.9137708321976613e-05,0.012767507043192657,5.456937340093312e-06
0.015710723892474503,1.9135853434165486e-05,0.01291549665014884,5.5201299392284475e-06
0.01589282865622978,1.9133998726135973e-05,0.013065201621247212,5.584054323307513e-06
0.016077044216738237,1.913214419787072e-05,0.013216641839466052,5.648718966569774e-06
0.016263395040481923,1.913028984935227e-05,0.013369837418249465,5.7141324413881184e-06
0.016451905877536626,1.9128435680563167e-05,0.013524808704178755,5.780303419405541e-06
0.016642601764859037,1.912658169148606e-05,0.013681576279674718,5.84724067268463e-06
0.016835508029612024,1.912472788210349e-05,0.013840160965731315,5.914953074870524e-06
0.017030650292528444,1.912287425239805e-05,0.014000583824680975,5.983449602367215e-06
0.01722805447131394,1.9121020802352288e-05,0.014162866162991988,6.0527393355275505e-06
0.01742774678408919,1.9119167531948856e-05,0.014327029534098309,6.1228314598569305e-06
0.017629753752872058,1.911731444117031e-05,0.014493095741262165,6.193735267231071e-06
0.01783410220710008,1.9115461529999208e-05,0.014661086840469845,6.265460157127764e-06
0.018040819287193827,1.9113608798418207e-05,0.014831025143361045,6.338015637872896e-06
0.018249932448161525,1.911175624640987e-05,0.015002933220192183,6.411411327901008e-06
0.018461469463245474,1.9109903873956787e-05,0.015176833902834053,6.485656957030341e-06
0.018675458427610758,1.9108051681041524e-05,0.015352750287804227,6.560762367752651e-06
0.018891927762076665,1.9106199667646752e-05,0.015530705739334601,6.6367375165380655e-06
0.01911090621689138,1.910434783375503e-05,0.015710723892474503,6.713592475154943e-06
0.019332422875550453,1.9102496179348962e-05,0.01589282865622978,6.7913374320050195e-06
0.019556507158659493,1.910064470441112e-05,0.016077044216738237,6.869982693474119e-06
0.019783188827841643,1.9098793408924178e-05,0.016263395040481923,6.949538685298403e-06
0.020012497989690372,1.9096942292870706e-05,0.016451905877536626,7.030015953946437e-06
0.020244465099768037,1.9095091356233277e-05,0.016642601764859037,7.111425168017373e-06
0.020479120966650853,1.9093240598994576e-05,0.016835508029612024,7.193777119655202e-06
0.020716496756020688,1.9091390021137176e-05,0.017030650292528444,7.277082725979459e-06
0.02095662399480433,1.908953962264369e-05,0.01722805447131394,7.361353030532411e-06
0.02119953457536071,1.9087689403496708e-05,0.01742774678408919,7.446599204743143e-06
0.021445260759716676,1.90858393636789e-05,0.017629753752872058,7.532832549408481e-06
0.021693835183851845,1.9083989503172867e-05,0.01783410220710008,7.620064496191057e-06
0.021945290862033135,1.908213982196122e-05,0.018040819287193827,7.708306609134842e-06
0.022199661191199548,1.9080290320026547e-05,0.018249932448161525,7.797570586198122e-06
0.02245697995539774,1.9078440997351547e-05,0.018461469463245474,7.887868260804208e-06
0.02271728133026905,1.90765918539188e-05,0.018675458427610758,7.979211603410232e-06
0.02298059988758851,1.9074742889710913e-05,0.018891927762076665,8.071612723094002e-06
0.02324697059985648,1.9072894104710574e-05,0.01911090621689138,8.165083869159209e-06
0.023516428844943486,1.907104549890038e-05,0.019332422875550453,8.259637432759356e-06
0.023789010410788933,1.9069197072262968e-05,0.019556507158659493,8.355285948540385e-06
0.024064751500154243,1.9067348824780932e-05,0.019783188827841643,8.452042096302292e-06
0.024343688735431104,1.906550075643698e-05,0.020012497989690372,8.549918702680144e-06
0.024625859163505466,1.9063652867213714e-05,0.020244465099768037,8.648928742844415e-06
0.024911300260677886,1.9061805157093774e-05,0.020479120966650853,8.74908534222101e-06
0.025200049937640922,1.9059957626059764e-05,0.020716496756020688,8.850401778231361e-06
0.025492146544514233,1.9058110274094397e-05,0.02095662399480433,8.952891482052514e-06
0.02578762887593801,1.9056263101180286e-05,0.02119953457536071,9.056568040397608e-06
0.02608653617622548,1.9054416107300035e-05,0.021445260759716676,9.161445197317123e-06
0.026388908144575104,1.9052569292436363e-05,0.021693835183851845,9.267536856020823e-06
0.02669478494034321,1.9050722656571887e-05,0.021945290862033135,9.37485708072082e-06
0.027004207188377725,1.9048876199689258e-05,0.022199661191199548,9.483420098496106e-06
0.02731721598441376,1.9047029921771094e-05,0.02245697995539774,9.593240301178532e-06
0.027633852900531698,1.9045183822800113e-05,0.02271728133026905,9.704332247260714e-06
0.027954159990678566,1.9043337902758942e-05,0.02298059988758851,9.816710663825934e-06
0.02827817979625341,1.9041492161630236e-05,0.02324697059985648,9.930390448500564e-06
0.02860595535175742,1.9039646599396623e-05,0.023516428844943486,1.0045386671428943e-05
0.028937530190509504,1.9037801216040827e-05,0.023789010410788933,1.016171457727112e-05
0.02927294835042816,1.9035956011545484e-05,0.024064751500154243,1.0279389587223897e-05
0.029612254379880344,1.9034110985893217e-05,0.024343688735431104,1.0398427301065102e-05
0.029955493343598132,1.903226613906676e-05,0.024625859163505466,1.051884349922156e-05
0.030302710828663964,1.903042147104875e-05,0.024911300260677886,1.0640654144861147e-05
0.030653952950565267,1.902857698182186e-05,0.025200049937640922,1.076387538600892e-05
0.031009266359319266,1.9026732671368722e-05,0.025492146544514233,1.0888523557687757e-05
0.031368698245668764,1.9024888539672076e-05,0.02578762887593801,1.1014615184083943e-05
0.03173229634734976,1.902304458671456e-05,0.02608653617622548,1.1142166980737667e-05
0.032100108955431715,1.9021200812478858e-05,0.026388908144575104,1.1271195856758892e-05
0.03247218492073129,1.901935721694761e-05,0.02669478494034321,1.140171891706905e-05
0.03284857366030044,1.901751380010356e-05,0.027004207188377725,1.1533753464668513e-05
0.033229325163989715,1.9015670561929358e-05,0.02731721598441376,1.166731700293042e-05
0.03361449000108765,1.9013827502407657e-05,0.027633852900531698,1.1802427237920973e-05
0.03400411932703706,1.90119846215212e-05,0.027954159990678566,1.1939102080746803e-05
0.03439826489022924,1.9010141919252645e-05,0.02827817979625341,1.2077359649929224e-05
0.034796979038876914,1.900829939558468e-05,0.02860595535175742,1.2217218273806292e-05
0.03520031472796679,1.900645705049996e-05,0.028937530190509504,1.2358696492962438e-05
0.035608325526292776,1.9004614883981242e-05,0.02927294835042816,1.250181306268639e-05
0.0360210656235707,1.9002772896011188e-05,0.029612254379880344,1.264658695545739e-05
0.03643858983763545,1.900093108657249e-05,0.029955493343598132,1.279303736346046e-05
0.03686095362172158,1.899908945564781e-05,0.030302710828663964,1.2941183701130568e-05
0.037288213071828336,1.8997248003219917e-05,0.030653952950565267,1.3091045607726274e-05
0.03772042493416997,1.8995406729271475e-05,0.031009266359319266,1.3241720547693705e-05
0.03815764661271248,1.8993565633785147e-05,0.031368698245668764,1.339370615598037e-05
0.038599936176797675,1.899172471674371e-05,0.03173229634734976,1.3547436222250676e-05
0.0390473523688556,1.8989883978129832e-05,0.032100108955431715,1.3702930769016543e-05
0.03949995461220643,1.8988043417926218e-05,0.03247218492073129,1.3860210048603974e-05
0.039957803018952694,1.8986203036115546e-05,0.03284857366030044,1.4019294545790779e-05
0.04042095839796308,1.8984362832680587e-05,0.033229325163989715,1.418020498047469e-05
0.040889482262948626,1.8982522807604024e-05,0.03361449000108765,1.4342962310371878e-05
0.041363436840632754,1.8980682960868568e-05,0.03400411932703706,1.4507587733746683e-05
0.041842885079015825,1.8978843292456898e-05,0.03439826489022924,1.467410269217251e-05
0.04232789065573551,1.8977003802351803e-05,0.034796979038876914,1.4842528873324598e-05
0.042818517986524134,1.8975164490535962e-05,0.03520031472796679,1.5012888213804554e-05
0.043314832233764006,1.8973325356992063e-05,0.035608325526292776,1.5185202901997588e-05
0.043816899315141926,1.8971486401702893e-05,0.0360210656235707,1.535949538096238e-05
0.044324785912403984,1.8969647624651143e-05,0.03643858983763545,1.5535788351354262e-05
0.044838559480211884,1.896780902581954e-05,0.03686095362172158,1.5714104774381712e-05
0.04535828825510189,1.8965970605190772e-05,0.037288213071828336,1.5894467874797022e-05
0.04588404126454759,1.8964132362747638e-05,0.03772042493416997,1.6076901143921148e-05
0.046415888336127795,1.8962294298472828e-05,0.03815764661271248,1.626142834270344e-05
0.0469539001068006,1.8960456412349048e-05,0.038599936176797675,1.64480735048162e-05
0.04749814803228502,1.8958618704359095e-05,0.0390473523688556,1.663686093978504e-05
0.04804870439655132,1.895678117448567e-05,0.03949995461220643,1.6827815236155133e-05
0.048605642321421366,1.8954943822711505e-05,0.039957803018952694,1.7020961264693586e-05
0.04916903577628029,1.895310664901931e-05,0.04042095839796308,1.7216324181628816e-05
0.04973895958790065,1.8951269653391893e-05,0.040889482262948626,1.7413929431927005e-05
0.05031548945038054,1.8949432835811956e-05,0.041363436840632754,1.7613802752606127e-05
0.05089870193519682,1.8947596196262244e-05,0.041842885079015825,1.7815970176088177e-05
0.05148867450137495,1.894575973472547e-05,0.04232789065573551,1.8020458033589586e-05
0.05208548550577663,1.8943923451184452e-05,0.042818517986524134,1.822729295855082e-05
0.052689214213506745,1.8942087345621895e-05,0.043314832233764006,1.8436501890105194e-05
0.0532999408084409,1.894025141802052e-05,0.043816899315141926,1.864811207658767e-05
0.053917746403875026,1.8938415668363144e-05,0.044324785912403984,1.8862151079083624e-05
0.05454271305329834,1.893658009663249e-05,0.044838559480211884,1.907864677501864e-05
0.05517492376129126,1.8934744702811308e-05,0.04535828825510189,1.9297627361789375e-05
0.05581446249454964,1.8932909486882325e-05,0.04588404126454759,1.9519121360436085e-05
0.0564614141930367,1.8931074448828364e-05,0.046415888336127795,1.9743157619357457e-05
0.05711586478126432,1.8929239588632152e-05,0.0469539001068006,1.9969765318067774e-05
0.05777790117970504,1.892740490627645e-05,0.04749814803228502,2.019897397099748e-05
0.05844761131633634,1.8925570401743988e-05,0.04804870439655132,2.043081343133738e-05
0.05912508413831878,1.89237360750176e-05,0.048605642321421366,2.0665313894926642e-05
0.05981040962380941,1.8921901926080012e-05,0.04916903577628029,2.0902505904185803e-05
0.06050367879391221,1.892006795491397e-05,0.04973895958790065,2.114242035209466e-05
0.061204983724766994,1.8918234161502296e-05,0.05031548945038054,2.138508848621607e-05
0.061914417559778445,1.891640054582774e-05,0.05089870193519682,2.163054191276556e-05
0.0626320745219869,1.891456710787307e-05,0.05148867450137495,2.1878812600727968e-05
0.0633580499265825,1.8912733847621032e-05,0.05208548550577663,2.2129932886021353e-05
0.06409244019356454,1.8910900765054465e-05,0.052689214213506745,2.2383935475708337e-05
0.06483534286054723,1.890906786015611e-05,0.0532999408084409,2.2640853452256183e-05
0.06558685659571432,1.890723513290876e-05,0.053917746403875026,2.290072027784553e-05
0.06634708121092348,1.8905402583295147e-05,0.05454271305329834,2.3163569798728818e-05
0.06711611767496284,1.8903570211298133e-05,0.05517492376129126,2.3429436249638334e-05
0.0678940681269611,1.8901738016900462e-05,0.05581446249454964,2.3698354258245283e-05
0.06868103588995304,1.889990600008489e-05,0.0564614141930367,2.3970358849669783e-05
0.06947712548460236,1.8898074160834277e-05,0.05711586478126432,2.4245485451042685e-05
0.07028244264308349,1.889624249913137e-05,0.05777790117970504,2.4523769896119922e-05
0.07109709432312435,1.8894411014958968e-05,0.05844761131633634,2.4805248429949407e-05
0.0719211887222119,1.8892579708299825e-05,0.05912508413831878,2.5089957713591923e-05
0.07275483529196229,1.8890748579136806e-05,0.05981040962380941,2.5377934828895955e-05
0.07359814475265768,1.8890223110113538e-05,0.06050367879391221,2.5669217283327565e-05
0.07445122910795139,1.889417667382516e-05,0.061204983724766994,2.5963843014855272e-05
0.07531420165974372,1.8898131064984177e-05,0.061914417559778445,2.626185039689145e-05
0.07618717702322995,1.8902086283763774e-05,0.0626320745219869,2.6563278243290167e-05
0.07707027114212299,1.8906042330337167e-05,0.0633580499265825,2.6868165813402662e-05
0.07796360130405233,1.8909999204877603e-05,0.06409244019356454,2.7176552817190386e-05
0.07886728615614153,1.8913956907558366e-05,0.06483534286054723,2.748847942039715e-05
0.07978144572076624,1.8917915438552784e-05,0.06558685659571432,2.7803986249780653e-05
0.08070620141149504,1.892187479803421e-05,0.06634708121092348,2.812311439840358e-05
0.08164167604921468,1.8925834986176046e-05,0.06711611767496284,2.8445905430985968e-05
0.08258799387844268,1.892979600315172e-05,0.0678940681269611,2.877240138931869e-05
0.08354528058382867,1.89337578491347e-05,0.06868103588995304,2.910264479773936e-05
0.08451366330684718,1.893772052429849e-05,0.06947712548460236,2.9436678668670596e-05
0.0854932706626838,1.894168402881663e-05,0.07028244264308349,2.9774546508222377e-05
0.08648423275731722,1.8945648362862702e-05,0.07109709432312435,3.011629232185835e-05
0.0874866812047991,1.8949613526610312e-05,0.0719211887222119,3.0461960620127533e-05
0.08850074914473434,1.895357952023311e-05,0.07275483529196229,3.081159642446125e-05
0.08952657125996397,1.895754634390479e-05,0.07359814475265768,3.1165245273037155e-05
0.09056428379445289,1.8961513997799066e-05,0.07445122910795139,3.1522953226710185e-05
0.09161402457138516,1.8965482482089697e-05,0.07531420165974372,3.1884766875012015e-05
0.09267593301146879,1.8969451796950486e-05,0.07618717702322995,3.225073334221873e-05
0.09375015015145284,1.8973421942555253e-05,0.07707027114212299,3.2620900293488654e-05
0.09483681866285923,1.8977392919077874e-05,0.07796360130405233,3.299531594107071e-05
0.09593608287093142,1.8981364726692248e-05,0.07886728615614153,3.337402905058339e-05
0.09704808877380301,1.898533736557232e-05,0.07978144572076624,3.375708894736652e-05
0.09817298406188836,1.898931083589206e-05,0.08070620141149504,3.4144545522905485e-05
0.09931091813749796,1.899328513782549e-05,0.08164167604921468,3.453644924132932e-05
0.10046204213468131,1.8997260271546653e-05,0.08258799387844268,3.493285114598362e-05
0.10162650893929952,1.9001236237229638e-05,0.08354528058382867,3.533380286607829e-05
0.10280447320933098,1.9005213035048534e-05,0.08451366330684718,3.57393566234122e-05
0.10399609139541204,1.900919066517757e-05,0.0854932706626838,3.61495652391747e-05
0.1052015217616159,1.90131691277909e-05,0.08648423275731722,3.656448214082554e-05
0.10642092440647247,1.901714842306276e-05,0.0874866812047991,3.69841613690531e-05
0.10765446128423159,1.9021128551167422e-05,0.08850074914473434,3.740865758481319e-05
0.10890229622637305,1.9025109512279187e-05,0.08952657125996397,3.783802607644819e-05
0.1101645949633657,1.9029091306572397e-05,0.09056428379445289,3.8272322766888326e-05
0.11144152514667881,1.903307393422143e-05,0.09161402457138516,3.871160422093495e-05
0.11273325637104871,1.90370573954007e-05,0.09267593301146879,3.915592765262806e-05
0.11403996019700331,1.9041041690284657e-05,0.09375015015145284,3.9605350932697945e-05
0.11536181017364786,1.904502681904779e-05,0.09483681866285923,4.005993259610288e-05
0.11669898186171475,1.9049012781864624e-05,0.09593608287093142,4.051973184965251e-05
0.11805165285688056,1.9052999578909715e-05,0.09704808877380301,4.098480857971948e-05
0.11942000281335324,1.9056987210357663e-05,0.09817298406188836,4.1455223360039484e-05
0.12080421346773289,1.9060975676383104e-05,0.09931091813749796,4.193103745960024e-05
0.12220446866314887,1.90649649771607e-05,0.10046204213468131,4.2412312850621785e-05
0.12362095437367691,1.9068955112865165e-05,0.10162650893929952,4.2899112216627873e-05
0.12505385872903912,1.907294608367124e-05,0.10280447320933098,4.339149896061015e-05
0.1265033720395904,1.9076937889753706e-05,0.10399609139541204,4.388953721328633e-05
0.12796968682159415,1.9080930531287373e-05,0.1052015217616159,4.4393291841452406e-05
0.1294529978227916,1.9084924008447104e-05,0.10642092440647247,4.490282845643155e-05
0.13095350204826678,1.908891832140778e-05,0.10765446128423159,4.541821342261943e-05
0.13247139878661174,1.9092913470344328e-05,0.10890229622637305,4.5939513866128165e-05
0.13400688963639507,1.9096909455431714e-05,0.1101645949633657,4.6466797683528645e-05
0.1355601785329369,1.9100906276844938e-05,0.11144152514667881,4.7000133550694e-05
0.13713147177539456,1.9104903934759034e-05,0.11273325637104871,4.7539590931744144e-05
0.1387209780541621,1.9108902429349073e-05,0.11403996019700331,4.8085240088093386e-05
0.1403289084785873,1.9112901760790164e-05,0.11536181017364786,4.863715208760113e-05
0.14195547660501015,1.9116901929257457e-05,0.11669898186171475,4.919539881382838e-05
0.14360089846512605,1.912090293492613e-05,0.11805165285688056,4.9760052975400086e-05
0.14526539259467813,1.9124904777971405e-05,0.11942000281335324,5.0331188115475315e-05
0.14694918006248173,1.91289074585685e-05,0.12080421346773289,5.090887862132537e-05
0.14865248449978571,1.9132910976892783e-05,0.12220446866314887,5.14931997340226e-05
0.15037553212997384,1.9136915333119543e-05,0.12362095437367691,5.208422755824038e-05
0.15211855179861047,1.914092052742415e-05,0.12505385872903912,5.268203907216485e-05
0.15388177500383463,1.9144926559982e-05,0.1265033720395904,5.32867121375212e-05
0.15566543592710622,1.9148933430968537e-05,0.12796968682159415,5.38983255097146e-05
0.15746977146430868,1.915294114055924e-05,0.1294529978227916,5.451695884808804e-05
0.1592950212572123,1.9156949688929613e-05,0.13095350204826678,5.514269272629695e-05
0.161141427725302,1.9160959076255215e-05,0.13247139878661174,5.5775608642803875e-05
0.1630092360979741,1.9164969302711624e-05,0.13400688963639507,5.6415789031493016e-05
0.1648986944471065,1.916898036847447e-05,0.1355601785329369,5.706331727240717e-05
0.1668100537200059,1.9172992273719407e-05,0.13713147177539456,5.771827770260698e-05
0.16874356777273758,1.9177005018622138e-05,0.1387209780541621,5.8380755627155736e-05
0.1706994934038408,1.9181018603358388e-05,0.1403289084785873,5.905083733022972e-05
0.1726780903884356,1.9185033028103934e-05,0.14195547660501015,5.972861008635668e-05
0.17467962151272456,1.918904829303458e-05,0.14360089846512605,6.0414162171782196e-05
0.17670435260889467,1.919306439832617e-05,0.14526539259467813,6.110758287596766e-05
0.17875255259042355,1.919655389785065e-05,0.14694918006248173,6.18089625132195e-05
0.18082449348779517,1.919974387832474e-05,0.14865248449978571,6.25183924344526e-05
0.18292045048462938,1.9202934388892652e-05,0.15037553212997384,6.32359650390875e-05
0.18504070195423022,1.9206125429642518e-05,0.15211855179861047,6.396177378708555e-05
0.18718552949655792,1.920931700066244e-05,0.15388177500383463,6.469591321112115e-05
0.18935521797562951,1.9212509102040535e-05,0.15566543592710622,6.54384789288947e-05
0.1915500555573528,1.9215701733864967e-05,0.15746977146430868,6.618956765558558e-05
0.1937703337477989,1.9218894896223817e-05,0.1592950212572123,6.69492772164492e-05
0.19601634743191856,1.9222088589205277e-05,0.161141427725302,6.7717706559558e-05
0.19828839491270714,1.9225282812897524e-05,0.1630092360979741,6.84949557686894e-05
0.2005867779508234,1.922847756738875e-05,0.1648986944471065,6.928112607636043e-05
0.2029118018046678,1.92316728527672e-05,0.1668100537200059,7.00763198770132e-05
0.2052637752709252,1.9234868669121016e-05,0.16874356777273758,7.088064074035098e-05
0.20764301072557748,1.923806501653847e-05,0.1706994934038408,7.169419342482814e-05
0.21004982416539153,1.9241261895107815e-05,0.1726780903884356,7.251708389129353e-05
0.21248453524988828,1.9244459304917346e-05,0.17467962151272456,7.33534507329911e-05
0.21494746734379805,1.9247657246055273e-05,0.17670435260889467,7.420786456771873e-05
0.217438947560008,1.925085571860992e-05,0.17875255259042355,7.507223053140128e-05
0.2199593068030075,1.9254054722669605e-05,0.18082449348779517,7.594666454546521e-05
0.22250887981283693,1.9257254258322643e-05,0.18292045048462938,7.683128388157898e-05
0.22508800520954617,1.9260454325657406e-05,0.18504070195423022,7.772620717737947e-05
0.227697025538168,1.926365492476218e-05,0.18718552949655792,7.863155445238353e-05
0.23033628731421313,1.9266856055725366e-05,0.18935521797562951,7.954744712408368e-05
0.23300614106969247,1.9270057718635342e-05,0.1915500555573528,8.047400802423112e-05
0.23570694139967277,1.9273259913580506e-05,0.1937703337477989,8.141136141530984e-05
0.23843904700937205,1.9276462640649304e-05,0.19601634743191856,8.235963300720057e-05
0.2412028207618007,1.9279665899930096e-05,0.19828839491270714,8.331894997404086e-05
0.243998629725955,1.928286969151135e-05,0.2005867779508234,8.428944097128024e-05
0.24682684522556925,1.928607401548152e-05,0.2029118018046678,8.527123615293388e-05
0.24968784288843268,1.9289278871929084e-05,0.2052637752709252,8.626446718903885e-05
0.25258200269627845,1.929248426094255e-05,0.20764301072557748,8.726926728331135e-05
0.2555097090352507,1.9295690182610357e-05,0.21004982416539153,8.828577119101187e-05
0.2584713507469564,1.9298896637021053e-05,0.21248453524988828,8.93141152370171e-05
0.26146732118010924,1.9302103624263158e-05,0.21494746734379805,9.035443733410207e-05
0.26449801824277197,1.9305311144425223e-05,0.217438947560008,9.1406877001437e-05
0.26756384445520454,1.9308519197595838e-05,0.2199593068030075,9.247157538329716e-05
0.27066520700332414,1.9311727783863504e-05,0.22250887981283693,9.3548675267993e-05
0.27380251779278575,1.9314936903316845e-05,0.22508800520954617,9.463832110701934e-05
0.27697619350368907,1.9318146556044465e-05,0.227697025538168,9.574065903442737e-05
0.28018665564591955,1.9321356742134978e-05,0.23033628731421313,9.685583688642413e-05
0.2834343306151309,1.9324567461677047e-05,0.23300614106969247,9.79840042211977e-05
0.28671964974937697,1.9327778714759257e-05,0.23570694139967277,9.9125312338976e-05
0.2900430493863992,1.9330990501470296e-05,0.23843904700937205,0.00010027991430231658
0.2934049709215787,1.933420282189884e-05,0.2412028207618007,0.0001014479649566352
0.29680586086656024,1.9337415676133588e-05,0.243998629725955,0.00010262962095097197
0.30024617090855493,1.9340629064263267e-05,0.24682684522556925,0.00010382504075899912
0.30372635797033115,1.9343842986376536e-05,0.24968784288843268,0.00010503438470027555
0.30724688427090036,1.9347057442562164e-05,0.25258200269627845,0.00010625781496174594
0.3108082173869064,1.9350272432908897e-05,0.2555097090352507,0.00010749549561949325
0.3144108303147265,1.93534879575055e-05,0.2584713507469564,0.00010874759266074265
0.318055201533292,1.9356704016440786e-05,0.26146732118010924,0.00011001427400612171
0.32174181506763716,1.935992060980348e-05,0.26449801824277197,0.0001112957095321819
0.3254711605531848,1.9363137737682426e-05,0.26756384445520454,0.00011259207109417934
0.3292437333007769,1.9366355400166447e-05,0.27066520700332414,0.00011390353254912424
0.33306003436245885,1.9369573597344376e-05,0.27380251779278575,0.00011523026977909547
0.3369205705980267,1.9372792329305105e-05,0.27697619350368907,0.00011657246071482979
0.34082585474234517,1.9376011596137433e-05,0.28018665564591955,0.00011793028535958385
0.3447764054734464,1.9379231397930275e-05,0.2834343306151309,0.00011930392581327402
0.34877274748141773,1.9382451734772525e-05,0.28671964974937697,0.00012069356629689954
0.3528154115380883,1.9385672606753136e-05,0.2900430493863992,0.00012209939317724705
0.356904934567523,1.9388894013960957e-05,0.2934049709215787,0.00012352159499188597
0.3610418597173337,1.939211595648497e-05,0.29680586086656024,0.00012496036247445296
0.36522673643081754,1.939533843441413e-05,0.30024617090855493,0.0001264158885802307
0.36946012051993027,1.9398561447837406e-05,0.30372635797033115,0.00012788836851202717
0.3737425742391064,1.9401784996843816e-05,0.30724688427090036,0.00012937799974635267
0.3780746663599349,1.9405009081522296e-05,0.3108082173869064,0.0001308849820599053
0.3824569722466999,1.9408233701961894e-05,0.3144108303147265,0.0001324095175563626
0.38689007393279756,1.9411458858251638e-05,0.318055201533292,0.00013395181069348537
0.3913745601980384,1.9414684550480575e-05,0.32174181506763716,0.0001355120683105394
0.39591102664684585,1.94179107787378e-05,0.3254711605531848,0.00013709049965603308
0.40050007578736113,1.9421137543112316e-05,0.3292437333007769,0.00013868731641578173
0.40514231711146476,1.9424364843693247e-05,0.33306003436245885,0.00014030273274129638
0.40983836717572614,1.9427592680569694e-05,0.3369205705980267,0.00014193696527850326
0.4145888496832911,1.943082105383078e-05,0.34082585474234517,0.00014359023319680014
0.41939439556671865,1.9434049963565675e-05,0.3447764054734464,0.0001452627582184476
0.4242556430717777,1.9437279409863455e-05,0.34877274748141773,0.00014695476464830643
0.4291732378422157,1.9440509392813314e-05,0.3528154115380883,0.00014866647940391757
0.43414783300550924,1.9443739912504435e-05,0.356904934567523,0.00015039813204593603
0.4391800892596086,1.944697096902601e-05,0.3610418597173337,0.00015214995480891704
0.4442706749606883,1.9450202562467283e-05,0.36522673643081754,0.00015392218263246036
0.4494202662119142,1.9453434692917402e-05,0.36946012051993027,0.0001557150531927204
0.4546295469532399,1.9456667360465644e-05,0.3737425742391064,0.00015752880693427915
0.45989920905224385,1.9459900565201257e-05,0.3780746663599349,0.0001593636871023944
0.46522995239601894,1.946313430721351e-05,0.3824569722466999,0.000161219939775621
0.4706224849841282,1.9466368586591722e-05,0.38689007393279756,0.0001630978138988119
0.4760775230226368,1.9469603403425115e-05,0.3913745601980384,0.00016499756131650665
0.4815957910192351,1.9472838757803036e-05,0.39591102664684585,0.0001669194368067041
0.4871780218794631,1.9476074649814817e-05,0.40050007578736113,0.00016886369811503336
0.4928249570040513,1.9479311079549792e-05,0.40514231711146476,0.00017083060598931942
0.4985373463873894,1.9482548047097356e-05,0.40983836717572614,0.00017282042421455163
0.5043159487171359,1.948578555254681e-05,0.4145888496832911,0.0001748334196482623
0.5101615314749833,1.9489023595987573e-05,0.41939439556671865,0.00017686986225631305
0.5160748710385907,1.9492262177509045e-05,0.4242556430717777,0.00017893002514910274
0.5220567527846975,1.949550129720064e-05,0.4291732378422157,0.00018101418461819227
0.5281079711934331,1.949874095515183e-05,0.43414783300550924,0.00018312262017336055
0.5342293299538352,1.9501981151451983e-05,0.4391800892596086,0.00018525561458008919
0.5404216420705915,1.9505221886190598e-05,0.4442706749606883,0.0001874134538974835
0.546685729972018,1.9508463159457147e-05,0.4494202662119142,0.00018959642751663873
0.55302242561929,1.9511704971341157e-05,0.4546295469532399,0.00019180482819944794
0.5594325706169377,1.951494732193206e-05,0.45989920905224385,0.00019403895211786716
0.5659170163246242,1.9518190211319414e-05,0.46522995239601894,0.00019629909889363456
0.5724766239702178,1.952143363959275e-05,0.4706224849841282,0.00019858557163845192
0.5791122647641759,1.9524677606841624e-05,0.4760775230226368,0.00020089867699463798
0.5858248200152536,1.9519584017848483e-05,0.4815957910192351,0.0002032387251762499
0.5926151812475553,1.9508481703896806e-05,0.4871780218794631,0.0002056060300106889
0.5994842503189409,1.949738570469933e-05,0.4928249570040513,0.00020800090898078717
0.6064329395408061,1.9486296016664386e-05,0.4985373463873894,0.00021042368326738492
0.6134621717992506,1.9475212636202258e-05,0.5043159487171359,0.0002128746777924068
0.62057288067765,1.946413555972537e-05,0.5101615314749833,0.00021535422126243493
0.62776601058065,1.945306478364815e-05,0.5160748710385907,0.00021786264621279503
0.6350425168595962,1.9442000304387108e-05,0.5220567527846975,0.0002204002890521504
0.642403365939419,1.943094211836068e-05,0.5281079711934331,0.0002229674901076207
0.6498495354469889,1.9419890221989442e-05,0.5342293299538352,0.00022556459367042273
0.6573820143409586,1.9408844611695983e-05,0.5404216420705915,0.00022819194804204256
0.6650018030431118,1.939780528390495e-05,0.546685729972018,0.00023084990558094916
0.6727099135712337,1.938677223504292e-05,0.55302242561929,0.0002335388227498486
0.6805073696735207,1.9375745461538615e-05,0.5594325706169377,0.00023625906016348848
0.6883952069645496,1.936472495982278e-05,0.5659170163246242,0.00023901098263702346
0.6963744730628222,1.935371072632809e-05,0.5724766239702178,0.00024179495923493788
0.7044462277299037,1.9342702757489353e-05,0.5791122647641759,0.0002446113633205448
0.7126115430111746,1.9331701049743368e-05,0.5858248200152536,0.0002474605726060551
0.7208715033782136,1.9320705599528995e-05,0.5926151812475553,0.00025034296920323576
0.7292272058728313,1.930971640328702e-05,0.5994842503189409,0.00025325893967465446
0.737679760252773,1.9298733457460352e-05,0.6064329395408061,0.00025620887508552055
0.7462302891391108,1.9287756758493926e-05,0.6134621717992506,0.00025919317105613465
0.7548799281653431,1.9276786302834597e-05,0.62057288067765,0.00026221222781494204
0.7636298261282242,1.926582208693134e-05,0.62776601058065,0.00026526645025221144
0.77248114514034,1.9254864107235122e-05,0.6350425168595962,0.0002683562479743338
0.7814350607844542,1.9243912360198955e-05,0.642403365939419,0.00027148203535875393
0.790492762269642,1.923296684227777e-05,0.6498495354469889,0.0002746442316095466
0.7996554525892346,1.9222027549928613e-05,0.6573820143409586,0.00027784326081363274
0.8089243486805938,1.9211094479610553e-05,0.6650018030431118,0.0002810795519976579
0.818300681586739,1.9200167627784567e-05,0.6727099135712337,0.00028435353918552803
0.8277856966198472,1.9189246990913743e-05,0.6805073696735207,0.0002876656614566158
0.8373806535266489,1.9178332565463153e-05,0.6883952069645496,0.00029101636300464946
0.8470868266557402,1.9167424347899906e-05,0.6963744730628222,0.0002944060931972804
0.8569055051268347,1.9156522334693026e-05,0.7044462277299037,0.00029783530663635274
0.8668379930019774,1.9145626522313644e-05,0.7126115430111746,0.00030130446321886633
0.8768856094587426,1.9134736907234865e-05,0.7208715033782136,0.000304814028198658
0.8870496889654403,1.9123853485931834e-05,0.7292272058728313,0.0003083644722487959
0.897331581458352,1.9112976254881598e-05,0.737679760252773,0.00031195627152470035
0.9077326525210223,1.9102105210563305e-05,0.7462302891391108,0.00031558990772800595
0.9182542835656282,1.909124034945812e-05,0.7548799281653431,0.0003192658681711586
0.9288978720164498,1.908038166804909e-05,0.7636298261282242,0.00032298464584277424
0.9396648314954691,1.906952916282138e-05,0.77248114514034,0.00032674673947374986
0.9505565920101191,1.9058682830262103e-05,0.7814350607844542,0.00033055265360415286
0.9615746001432096,1.9047842666860422e-05,0.790492762269642,0.0003344028986508843
0.9727203192450538,1.9037008669107384e-05,0.7996554525892346,0.00033829799097612965
0.9839952296278226,1.9026180833496137e-05,0.8089243486805938,0.0003422384529566127
0.9954008287621519,1.901535915652182e-05,0.818300681586739,0.0003462248130536492
1.0069386314760271,1.9004543634681474e-05,0.8277856966198472,0.0003502576058840211
1.0186101701559753,1.8993734264474217e-05,0.8373806535266489,0.00035433737229167436
1.0304169949505875,1.898293104240114e-05,0.8470868266557402,0.00035846465942025214
1.042360673976401,1.8972133964965352e-05,0.8569055051268347,0.0003626400207864743
1.0544427935261684,1.896134302867185e-05,0.8668379930019774,0.0003668640163543685
1.0666649582795389,1.8950558230027717e-05,0.8768856094587426,0.000371137212610369
1.0790287915161836,1.8939779565541995e-05,0.8870496889654403,0.0003754601826392889
1.0915359353313911,1.8929007031725738e-05,0.897331581458352,0.00037983350620117667
1.1041880508541602,1.891824062509189e-05,0.9077326525210223,0.0003842577698090706
1.1169868184678227,1.890748034215548e-05,0.9182542835656282,0.00038873356680765424
1.1299339380332216,1.889672617943351e-05,0.9288978720164498,0.0003932614974528327
1.1430311291144786,1.8885978133444872e-05,0.9396648314954691,0.00039784216899223316
1.1562801312073754,1.8875236200710535e-05,0.9505565920101191,0.0004024761957466436
1.1696827039703848,1.886450037775341e-05,0.9615746001432096,0.00040716419919240157
1.183240627458378,1.8853770661098428e-05,0.9727203192450538,0.0004119068080447394
1.1969557023590427,1.8843047047272385e-05,0.9839952296278226,0.0004167046583421032
1.2108297502320393,1.883232953280416e-05,0.9954008287621519,0.0004215583935314532
1.2248646137509307,1.8821618114224604e-05,1.0069386314760271,0.0004264686645545566
1.2390621569479157,1.8810912788066446e-05,1.0186101701559753,0.00043143612993528713
1.2534242654613994,1.8800213550864478e-05,1.0304169949505875,0.0004364196756701028
1.2679528467864338,1.8789520399155435e-05,1.042360673976401,0.0004414310484570187
1.2826498305280598,1.8778833329478057e-05,1.0544427935261684,0.0004464999664432226
1.2975171686575868,1.876815233837295e-05,1.0666649582795389,0.0004516270904157083
1.3125568357718427,1.8757477422382786e-05,1.0790287915161836,0.00045681308874923515
1.3277708293554291,1.874680857805217e-05,1.0915359353313911,0.0004620586374934572
1.3431611700460153,1.8736145801927716e-05,1.1041880508541602,0.0004673644204610532
1.3587299019027093,1.8725489090557884e-05,1.1169868184678227,0.00047273112931687
1.3744790926775368,1.8714838440493213e-05,1.1299339380332216,0.00047815946366808654
1.3904108340900696,1.8704193848286197e-05,1.1430311291144786,0.0004836501311554161
1.4065272421052364,1.869355531049119e-05,1.1562801312073754,0.0004892038475453543
1.422830457214352,1.868292282366461e-05,1.1696827039703848,0.0004948213368234885
1.4393226447194065,1.8672296384364798e-05,1.183240627458378,0.0005005033312888737
1.4560059950206485,1.8661675989152085e-05,1.1969557023590427,0.0005062505716494987
1.4728827239075017,1.865106163458866e-05,1.2108297502320393,0.0005120638071188425
1.4899550728528537,1.8640453317238766e-05,1.2248646137509307,0.0005179437955135452
1.5072253093107555,1.8629851033668603e-05,1.2390621569479157,0.0005238913033521945
1.524695727017573,1.8619254780446217e-05,1.2534242654613994,0.0005299071059552511
1.5423686462966273,1.8608664554141716e-05,1.2679528467864338,0.0005359919875461194
1.560246414366368,1.8598080351327118e-05,1.2826498305280598,0.0005421467413533792
1.5783314056521165,1.8587502168576426e-05,1.2975171686575868,0.0005483721697141927
1.5966260221014252,1.8576930002465493e-05,1.3125568357718427,0.0005546690841788954
1.6151326935030912,1.856636384957222e-05,1.3277708293554291,0.0005610383056167921
1.6338538778098621,1.855580370647642e-05,1.3431611700460153,0.0005674806643231648
1.6527920614648957,1.854524956975988e-05,1.3587299019027093,0.0005739970001275107
1.6719497597319901,1.8534701436006242e-05,1.3744790926775368,0.0005805881625030242
1.6913295170296487,1.8524159301801182e-05,1.3904108340900696,0.0005872550106773325
1.710933907269015,1.851362316373232e-05,1.4065272421052364,0.000593998413744506
1.7307655341957258,1.850309301838912e-05,1.422830457214352,0.0006008192507783543
1.750827031735725,1.849256886236308e-05,1.4393226447194065,0.0006077184109470216
1.7711210643450888,1.848205069224761e-05,1.4560059950206485,0.0006146967936289016
1.7916503273639013,1.8471538504638088e-05,1.4728827239075017,0.0006217553085298777
1.8124175473742377,1.8461032296131727e-05,1.4899550728528537,0.0006288948758019151
1.8334254825622907,1.8450532063327774e-05,1.5072253093107555,0.0006361164261630105
1.8546769230846993,1.844003780282742e-05,1.524695727017573,0.0006434209010185245
1.8761746914391215,1.842954951123368e-05,1.5423686462966273,0.0006508092525838989
1.8979216428391015,1.8419067185151598e-05,1.560246414366368,0.0006582824440087917
1.9199206655932848,1.8408590821188123e-05,1.5783314056521165,0.0006658414495026318
1.9421746814890264,1.839812041595217e-05,1.5966260221014252,0.0006734872544616197
1.9646866461804466,1.8452436266944488e-05,1.6151326935030912,0.0006812208555971825
1.9874595495809837,1.8681942644040258e-05,1.6338538778098621,0.0006890432610659042
2.0104964162604992,1.8914303558952364e-05,1.6527920614648957,0.0006969554906009538
2.0338003058469822,1.914955451564476e-05,1.6719497597319901,0.0007049585756450153
2.0573743134329137,1.9387731459670115e-05,1.6913295170296487,0.000713053559484747
2.0812215699863392,1.962887078366201e-05,1.710933907269015,0.0007212414973867881
2.105345242766706,1.9873009332895677e-05,1.7307655341957258,0.0007295234567353192
2.129748535745521,2.0120184410917964e-05,1.750827031735725,0.0007379005171712105
2.1544346900318843,2.0370433785246957e-05,1.7711210643450888,0.0007463737707327624
2.1794069843029558,2.0623795693142857e-05,1.7916503273639013,0.0007549443219980671
2.2046687352394096,2.0880308847450598e-05,1.8124175473742377,0.0007636132882289984
2.2302232979659387,2.114001244251483e-05,1.8334254825622907,0.0007723817995168607
2.2560740664968613,2.140294616016878e-05,1.8546769230846993,0.0007812509989297073
2.2822244741868984,2.166915017579763e-05,1.8761746914391215,0.000790222042661354
2.30867799418717,2.193866516447695e-05,1.8979216428391015,0.000799296100182097
2.335438139906479,2.2211532307187815e-05,1.9199206655932848,0.000808474354391169
2.3625084654779474,2.248779329710925e-05,1.9421746814890264,0.0008177580017709408
2.38989256623105,2.2767490345988566e-05,1.9646866461804466,0.0008271482525428961
2.4175940791691306,2.3050666190591286e-05,1.9874595495809837,0.0008366463308253984
2.4456166834524464,2.3337364099231322e-05,2.0104964162604992,0.0008462534747932638
2.473964100886814,2.3627627878381946e-05,2.0338003058469822,0.0008559709368391732
2.5026400964179194,2.3921501879369434e-05,2.0573743134329137,0.0008657999837369344
2.5316484786313556,2.4219031005149894e-05,2.0812215699863392,0.0008757418968066177
2.560993100258459,2.4520260717170054e-05,2.105345242766706,0.0008857979720815936
2.590677858688009,2.4825237042313767e-05,2.129748535745521,0.0008959695204774797
2.6207066964838526,2.5134006579934704e-05,2.1544346900318843,0.000906257867963035
2.651083601908539,2.5446616508976726e-05,2.1794069843029558,0.0009166643557330124
2.6818126094530155,2.576311459518238e-05,2.2046687352394096,0.0009271903403830012
2.7128978003724673,2.6083549198391687e-05,2.2302232979659387,0.0009378371940862688
2.7443433032283653,2.640796927993105e-05,2.2560740664968613,0.0009486063047726408
2.776153294436801,2.6736424410094572e-05,2.2822244741868984,0.0009594990763094309
2.8083319988231725,2.706896477571811e-05,2.30867799418717,0.0009705169286844536
2.840883690183304,2.7405641187847872e-05,2.335438139906479,0.0009816612981911287
2.8738126918510662,2.7746505089503827e-05,2.3625084654779474,0.0009929336376157212
2.9071233772725784,2.8091608563540414e-05,2.38989256623105,0.0010043354164267267
2.9408201705870636,2.8441004340604283e-05,2.4175940791691306,0.0010158681209664307
2.9749075472144404,2.8533746335471055e-05,2.4456166834524464,0.0010275332546446734
3.009390034449721,2.8559063650265355e-05,2.473964100886814,0.0010393323381348283
3.044272212064303,2.8584403428511212e-05,2.5026400964179194,0.0010512669095720433
3.0795587129142263,2.8609765690139904e-05,2.5316484786313556,0.0010633385247537505
3.115254223555488,2.8635150455100404e-05,2.560993100258459,0.001075548757342481
3.1513634848664793,2.8660557743359388e-05,2.590677858688009,0.0010878991990710114
3.1878912926776457,2.8685987574901238e-05,2.6207066964838526,0.0011003914599498582
3.2248424984084423,2.8711439969728076e-05,2.651083601908539,0.0011130271684771618
3.26222200971167,2.873691494785977e-05,2.6818126094530155,0.0011258079718509788
3.3000347911252854,2.8762412529333942e-05,2.7128978003724673,0.0011387355361840137
3.338285864731761,2.8787932734206007e-05,2.7443433032283653,0.0011518115467208092
3.3769803108250915,2.8813475582549165e-05,2.776153294436801,0.0011650377080574396
3.4161232685855283,2.883904109445443e-05,2.8083319988231725,0.0011784157443637205
3.4557199367621396,2.8864629290030648e-05,2.840883690183304,0.0011919473996079772
3.4957755743632752,2.889024018940449e-05,2.8738126918510662,0.0012056344377843824
3.536295501355043,2.9243237485491322e-05,2.9071233772725784,0.0012194786431429167
3.5772850993678733,2.9834451552376846e-05,2.9408201705870636,0.0012334818204219613
3.6187498124112802,3.0437618265512917e-05,2.9749075472144404,0.0012476457950835696
3.6606951475969023,3.105297927299345e-05,3.009390034449721,0.0012619724135514287
3.7031266758699273,3.168078110834115e-05,3.044272212064303,0.0012764635434515648
3.746050032748993,3.232127528927672e-05,3.0795587129142263,0.001291121073855807
3.7894709190746676,3.297471841848498e-05,3.115254223555488,0.0013059469155280456
3.8333951017666013,3.364137228641843e-05,3.1513634848664793,0.0013209430011733264
3.8778284145894575,3.432150397617859e-05,3.1878912926776457,0.0013361112856897918
3.9227767589277196,3.4651455682034584e-05,3.2248424984084423,0.0013514537464235261
3.9682461045694817,3.471887358830059e-05,3.26222200971167,0.0013669723834263225
4.014242490499322,3.478642266291136e-05,3.3000347911252854,0.001382669219716415
4.060772025700365,3.485410316106815e-05,3.338285864731761,0.0013985463015421928
4.1078408899656464,3.492191533846874e-05,3.3769803108250915,0.0014146056986489562
4.155455334718876,3.498985945130839e-05,3.4161232685855283,0.0014308495045487271
4.203621683844713,3.5057935756280825e-05,3.4557199367621396,0.0014472798367931605
4.252346334528682,3.51261445105792e-05,3.4957755743632752,0.001463898837249594
4.301635758106795,3.519448597189703e-05,3.536295501355043,0.0014807086723802553
4.35149650092505,3.526296039842931e-05,3.5772850993678733,0.0014977115335246887
4.401935185208875,3.533156804887315e-05,3.6187498124112802,0.001514909637185418
4.452958509942655,3.54003091824292e-05,3.6606951475969023,0.00153230522531689
4.504573251759458,3.5469184058802313e-05,3.7031266758699273,0.0015499005656177418
4.556786265841064,3.5538192938202664e-05,3.746050032748993,0.001567697951826411
4.609604486828434,3.560733608134667e-05,3.7894709190746676,0.0015856997040201552
4.663034929742731,3.5676613749458e-05,3.8333951017666013,0.0016039081689174944
4.717084690917018,3.574602620426857e-05,3.8778284145894575,0.0016223257201841376
4.771760948938746,3.581557370801951e-05,3.9227767589277196,0.001640954758742406
4.827070965603183,3.588525652346217e-05,3.9682461045694817,0.0016597977130842234
4.8830220868778795,3.59550749138591e-05,4.014242490499322,0.0016788570395876964
4.9396217438783205,3.609928002104918e-05,4.060772025700365,0.0016981352228373256
4.996877453854884,3.6414718311006725e-05,4.1078408899656464,0.0017176347759479053
5.054796821191241,3.6732912925043606e-05,4.155455334718876,0.0017373582408921238
5.113387538414326,3.705388794813212e-05,4.203621683844713,0.001757308188831942
5.172657387216019,3.7377667675700695e-05,4.252346334528682,0.0017774872204537762
5.2326142394866615,3.77042766154731e-05,4.301635758106795,0.001797897966307515
5.293266058360562,3.803373948932365e-05,4.35149650092505,0.0018185430871494462
5.354620899273607,3.836608123514815e-05,4.401935185208875,0.0018394252742891127
5.416686911033152,3.870132700875168e-05,4.452958509942655,0.0018605472499401508
5.479472336900287,3.903950218575264e-05,4.504573251759458,0.0018819117675751673
5.542985515684669,3.938063236350375e-05,4.556786265841064,0.001903521612284673
5.607234882852032,3.972474336302914e-05,4.609604486828434,0.001925379601140156
5.672228971644543,4.007186123097912e-05,4.663034929742731,0.0019474885835613135
5.737976414214134,4.042201224160157e-05,4.717084690917018,0.001969851441687504
5.804485942768978,4.077522289873099e-05,4.771760948938746,0.0019924710907534707
5.871766390733256,4.113151993779419e-05,4.827070965603183,0.0020153504794693617
5.939826693920357,4.14909303278343e-05,4.8830220868778795,0.0020384925904051348
6.008675891719687,4.250462427825627e-05,4.9396217438783205,0.0020619004403793625
6.07832312829723,4.3561455224795615e-05,4.996877453854884,0.0020855770808525065
6.148777653810023,4.464456311575042e-05,5.054796821191241,0.002109525598324714
6.220048825634712,4.575460129857446e-05,5.113387538414326,0.0021337491147381655
6.292146109610344,4.689223936549038e-05,5.172657387216019,0.0021582507878840592
6.365079081295571,4.8058163557398324e-05,5.2326142394866615,0.0021830338118142586
6.4388574272404195,4.925307717782738e-05,5.293266058360562,0.0022081014172576803
6.513490946272802,5.0477701017178495e-05,5.354620899273607,0.0022334568720414403
6.588989550799949,5.173277378751715e-05,5.416686911033152,0.0022591034815168587
6.6653632681249135,5.301905256817528e-05,5.479472336900287,0.0022850445889903413
6.742622241778342,5.433731326243352e-05,5.542985515684669,0.002311283576159226
6.820776732865685,5.568835106555837e-05,5.607234882852032,0.002337823863552608
6.899837121430019,5.707298094447572e-05,5.672228971644543,0.0023646689109772506
6.9798139078306605,5.849203812937179e-05,5.737976414214134,0.002391822217968607
7.060717714137773,5.9946378617517274e-05,5.804485942768978,0.0024192873242470177
7.142559285543126,5.917280873721693e-05,5.871766390733256,0.0024470678101791593
7.225349491787214,5.7751783361341245e-05,5.939826693920357,0.0024751672972447717
7.309099328602911,5.6364883678701635e-05,6.008675891719687,0.002503589448508763
7.393819919175866,5.501129016632643e-05,6.07832312829723,0.0025323379690987257
7.479522515621821,5.369020298195491e-05,6.148777653810023,0.002561416606687947
7.566218500481055,5.240084149140786e-05,6.220048825634712,0.0025908291519839443
7.653919388230148,5.1142443807309146e-05,6.292146109610344,0.0026205794392226353
7.742636826811269,4.9914266338883975e-05,6.365079081295571,0.0026506713466681628
7.832382599179196,0.00015981268756489045,6.4388574272404195,0.0026811087971184786
,,6.513490946272802,0.0027118957584167085
,,6.588989550799949,0.0027430362439684105
,,6.6653632681249135,0.002774534313264763
,,6.742622241778342,0.0028063940724117587
,,6.820776732865685,0.002838619674665491
,,6.899837121430019,0.002871215320973558
,,6.9798139078306605,0.0029041852605227107
,,7.060717714137773,0.002937533791292778
,,7.142559285543126,0.0029712652606169484
,,7.225349491787214,0.003005384065748506
,,7.309099328602911,0.0030398946544340374
