constraint_1 x,constraint_1 y,constraint_2 x,constraint_2 y,constraint_3 x,constraint_3 y
69.15758828738525,1.0,0.217438947560008,1.181165783671e-05,0.2900430493863992,7.334956568013098e-06
0.001,1.0,0.217438947560008,9.805258175413e-06,0.2900430493863992,6.847471455879e-06
0.001,3e-08,0.217438947560008,8.344340703329e-06,0.29680586086656024,6.304133002555594e-06
0.0020197857568198785,2.6843987265853752e-08,0.2199593068030075,7.061460996391278e-06,0.30024617090855493,5.075049605178381e-06
0.0020431973201952705,2.6749310286437164e-08,0.22250887981283693,5.664031024087793e-06,0.30372635797033115,4.666219408362336e-06
0.0020668802496290823,2.6654967226506724e-08,0.22508800520954617,5.201639493866693e-06,0.30724688427090036,4.476182214290199e-06
0.00209083769055575,2.6560956908350153e-08,0.227697025538168,5.9440145622160225e-06,0.3108082173869064,4.685378665088693e-06
0.0021150728248687948,2.646727815840917e-08,0.23033628731421313,5.673652511219954e-06,0.3144108303147265,4.9043520089919615e-06
0.0021395888713434215,2.637392980726456e-08,0.23300614106969247,4.587066264297483e-06,0.318055201533292,5.133559173631543e-06
0.00216438908606402,2.6280910689621287e-08,0.23570694139967277,3.708576947820847e-06,0.318055201533292,1.446437361626238e-05
0.002189476762856621,2.618821964429452e-08,0.23843904700937205,3.742969513953195e-06,0.3144108303147265,1.575512011683695e-05
0.0022148552337263594,2.6095855514194836e-08,0.2412028207618007,3.92888390596584e-06,0.3108082173869064,1.5951979096948045e-05
0.0022405278693000182,2.600381714631353e-08,0.243998629725955,7.0995730525561515e-06,0.30724688427090036,1.563118535285306e-05
0.0022664980792736927,2.5912103391708752e-08,0.24682684522556925,7.716567606847476e-06,0.30372635797033115,1.465885847669174e-05
0.002292769312865649,2.5820713105490805e-08,0.24968784288843268,7.852420884237053e-06,0.30372635797033115,1.436076741144e-05
0.0023193450592744274,2.5729645146808027e-08,0.25258200269627845,7.268021794189983e-06,0.29680586086656024,1.470703692595684e-05
0.0023462288481422623,2.56388983788322e-08,0.2555097090352507,7.188298115644187e-06,0.2934049709215787,1.4524092700422285e-05
0.002373424250023866,2.5548471668744893e-08,0.2584713507469564,7.725110577127727e-06,0.2900430493863992,1.3147297590799618e-05
0.0024009348768606518,2.5458363887723052e-08,0.26146732118010924,8.302011473198708e-06,0.2900430493863992,1.120268435645e-05
0.0024287643824604504,2.5368573910924636e-08,0.26449801824277197,8.921994554380783e-06,0.2900430493863992,1.031315384838e-05
0.00245691646298279,2.5293162147138238e-08,0.26756384445520454,8.685141020514272e-06,0.2900430493863992,9.69263158237e-06
0.0024853948574297983,2.525195163111884e-08,0.27066520700332414,7.877963658403169e-06,0.2900430493863992,8.923004301835e-06
0.0025142033481427967,2.521080825999095e-08,0.27380251779278575,1.5597957678995076e-05,0.2900430493863992,8.526002797203e-06
0.002543345761304648,2.516973192435452e-08,0.26449801824277197,1.5792111601079317e-05,0.2900430493863992,7.334956568013098e-06
0.002572825967447932,2.512872251498773e-08,0.26146732118010924,1.626788673177465e-05,,
0.0026026478819690044,2.5087779922846464e-08,0.2584713507469564,1.675799572615498e-05,,
0.00263281546564802,2.5046904039064536e-08,0.2555097090352507,1.726287042614493e-05,,
0.002663332725174981,2.500609475495314e-08,0.25258200269627845,1.778295568393999e-05,,
0.0026942037136818823,2.4965351962000284e-08,0.24968784288843268,1.831870975397187e-05,,
0.0027254325312810277,2.4924675551871054e-08,0.24682684522556925,1.8870604696683023e-05,,
0.0027570233256095826,2.4884065416407035e-08,0.243998629725955,1.9439126794465702e-05,,
0.0027889802923804397,2.4843521447625778e-08,0.2412028207618007,1.852060282221117e-05,,
0.002821307675939471,2.4803043537721037e-08,0.23843904700937205,1.7634345625631292e-05,,
0.0028540097698292375,2.4762631579062212e-08,0.23570694139967277,1.679049805394478e-05,,
0.0028870909173592347,2.4722285464193808e-08,0.23300614106969247,1.5987030700461902e-05,,
0.002920555512182745,2.4682005085835755e-08,0.23300614106969247,1.5837568235955178e-05,,
0.00295440799888038,2.464179033688243e-08,0.217438947560008,1.181165783671e-05,,
0.0029886528735503827,2.4601641110402978e-08,0.217438947560008,1.181165783671e-05,,
0.0030232946844057766,2.456155729964077e-08,,,,
0.003058338032378432,2.452382469514459e-08,,,,
0.0030937875717301365,2.448866326264672e-08,,,,
0.0031296480106707504,2.4453552243424535e-08,,,,
0.0031659241119835206,2.4418491565197102e-08,,,,
0.00320262069365765,2.4383481155787367e-08,,,,
0.0032397426295281955,2.4348520943121517e-08,,,,
0.003277294849923382,2.431361085522906e-08,,,,
0.0033152823423194234,2.427875082024296e-08,,,,
0.0033537101520029287,2.424394076639897e-08,,,,
0.003392583382740992,2.4209180622035807e-08,,,,
0.0034319071974590427,2.4174470315594857e-08,,,,
0.0034716868189265592,2.4139809775620362e-08,,,,
0.003511927530450728,2.4105198930758753e-08,,,,
0.0035526346765781393,2.407063770975877e-08,,,,
0.003593813663804626,2.4036126041471565e-08,,,,
0.0036354699612933176,2.4001663854850043e-08,,,,
0.0036776091016010306,2.3967251078949062e-08,,,,
0.0037202366814130658,2.3932887642925116e-08,,,,
0.003763358362286533,2.389857347603652e-08,,,,
0.003806979871402284,2.3864308507642767e-08,,,,
0.003851107002325569,2.383009266720463e-08,,,,
0.0038957456157755013,2.3795223208026568e-08,,,,
0.003940901640403447,2.375645330565191e-08,,,,
0.003986581073580439,2.3717746571641714e-08,,,,
0.004032789982193705,2.3679102903074684e-08,,,,
0.004079534503452449,2.3640522197197462e-08,,,,
0.004126820845702952,2.3602004351424106e-08,,,,
0.004174655289253135,2.3563549263335572e-08,,,,
0.0042230441872066725,2.3525156830679935e-08,,,,
0.004271993966306777,2.3486826951371873e-08,,,,
0.004321511127789762,2.3448559523492142e-08,,,,
0.004371602248248502,2.3410354445287893e-08,,,,
0.004422273980505897,2.3372211615171727e-08,,,,
0.004473533054498463,2.3334130931722015e-08,,,,
0.004525386278170167,2.3296112293682375e-08,,,,
0.004577840538376616,2.325815559996115e-08,,,,
0.004630902801799737,2.3220260749631655e-08,,,,
0.004684580115873045,2.3182427641931628e-08,,,,
0.004738879609717651,2.3144656176262748e-08,,,,
0.004793808495089107,2.3106946252190923e-08,,,,
0.004849374067335233,2.3082145196275323e-08,,,,
0.004905583706365045,2.3082931534426005e-08,,,,
0.004962444877628913,2.3083717899364822e-08,,,,
0.005019965133110079,2.3084504291092695e-08,,,,
0.0050781521123276704,2.3085290709610525e-08,,,,
0.005137013543351339,2.3086077154919236e-08,,,,
0.005196557243827658,2.308686362701965e-08,,,,
0.005256791122018419,2.3087650125912846e-08,,,,
0.0053177231778509665,2.308843665159966e-08,,,,
0.0053793615039806975,2.3089223204081e-08,,,,
0.005441714286865887,2.3090009783357775e-08,,,,
0.005504789807854967,2.3090796389430904e-08,,,,
0.005568596444286409,2.30915830223013e-08,,,,
0.005633142670601352,2.3092369681969874e-08,,,,
0.005698437059469136,2.3093156368437455e-08,,,,
0.005764488282925874,2.3093943081705126e-08,,,,
0.005831305113526219,2.309472982177371e-08,,,,
0.005898896425508494,2.3095516588644126e-08,,,,
0.00596727119597331,2.3096303382317282e-08,,,,
0.006036438506075864,2.3097090202794098e-08,,,,
0.0061064075422320365,2.309787705007548e-08,,,,
0.006177187597338488,2.3098663924162347e-08,,,,
0.006248788072006888,2.3099450825055524e-08,,,,
0.0063212184758124484,2.3100237752756094e-08,,,,
0.006394488428556943,2.3101024707264968e-08,,,,
0.006468607661546328,2.3101811688582898e-08,,,,
0.006543586018883236,2.3102598696710956e-08,,,,
0.006619433458774394,2.3103385731649976e-08,,,,
0.006696160054853222,2.310417279340087e-08,,,,
0.006773775997517752,2.3104959881964554e-08,,,,
0.006852291595284064,2.3105746997341856e-08,,,,
0.006931717276155407,2.310653413953386e-08,,,,
0.007012063589007184,2.310732130854139e-08,,,,
0.007093341204987997,2.3108108504365364e-08,,,,
0.007175560918936928,2.310889572700661e-08,,,,
0.007258733650817253,2.310968297646621e-08,,,,
0.007342870447166765,2.311047025274499e-08,,,,
0.007427982482564918,2.3111257555843872e-08,,,,
0.00751408106111697,2.311204488576368e-08,,,,
0.00760117761795533,2.3112832242505496e-08,,,,
0.007689283720758313,2.3113619626070148e-08,,,,
0.00777841107128649,2.3114407036458553e-08,,,,
0.007868571506936851,2.311519447367154e-08,,,,
0.007959777002314986,2.311598193771019e-08,,,,
0.008052039670825477,2.3116769428575332e-08,,,,
0.008145371766280746,2.3117556946267883e-08,,,,
0.00823978568452852,2.3118344490788673e-08,,,,
0.008335293965098196,2.311913206213878e-08,,,,
0.00843190929286626,2.3028293056518353e-08,,,,
0.008529644499741026,2.289225755460175e-08,,,,
0.008628512566366896,2.2757025657960464e-08,,,,
0.00872852662384838,2.2622592619440775e-08,,,,
0.008829699955494092,2.2488953719931927e-08,,,,
0.00893204599858097,2.2356104268200454e-08,,,,
0.00903557834613893,2.2224039600725517e-08,,,,
0.009140310748756233,2.2092755081535106e-08,,,,
0.009246257116405743,2.1962246102043615e-08,,,,
0.009353431520292386,2.18325080808896e-08,,,,
0.009461848194722003,2.1703536463775263e-08,,,,
0.009571521538991866,2.1575326723306498e-08,,,,
0.009682466119303124,2.1447874358833968e-08,,,,
0.009794696670695395,2.1321174896295108e-08,,,,
0.009908228099003798,2.119522388805709e-08,,,,
0.010023075482838654,2.1070016912760654e-08,,,,
0.010139254075588154,2.0945549575164865e-08,,,,
0.010256779307444218,2.082181750599311e-08,,,,
0.01037566678745186,2.069881636177926e-08,,,,
0.010495932305582278,2.0576541824715507e-08,,,,
0.010617591834830001,2.0454989602500723e-08,,,,
0.010740661533334334,2.033415542818977e-08,,,,
0.010865157746525383,2.0214035060043727e-08,,,,
0.010991097009294973,2.009462428138098e-08,,,,
0.01111849604819271,1.9975918900429133e-08,,,,
0.01124737178364752,1.9857914750178145e-08,,,,
0.011377741332214914,1.9740607688233624e-08,,,,
0.011509622008850324,1.9623993596671705e-08,,,,
0.011643031329208768,1.950806838189441e-08,,,,
0.011777987011971193,1.9392827974485957e-08,,,,
0.01191450698119776,1.9278268329069913e-08,,,,
0.012052609368708425,1.9164385424167173e-08,,,,
0.012192312516491107,1.9051175262054798e-08,,,,
0.01233363497913776,1.8938633868625674e-08,,,,
0.012476595526308698,1.8826757293248956e-08,,,,
0.012621213145225473,1.8715541608631626e-08,,,,
0.012767507043192657,1.8604982910680258e-08,,,,
0.01291549665014884,1.849507731836421e-08,,,,
0.013065201621247212,1.838582097357934e-08,,,,
0.013216641839466052,1.8277210041012557e-08,,,,
0.013369837418249465,1.8169240708007195e-08,,,,
0.013524808704178755,1.8061909184429176e-08,,,,
0.013681576279674718,1.7955211702533946e-08,,,,
0.013840160965731315,1.7849144516834176e-08,,,,
0.014000583824680975,1.7743703903968508e-08,,,,
0.014162866162991988,1.763888616257049e-08,,,,
0.014327029534098309,1.7534687613138888e-08,,,,
0.014493095741262165,1.743110459790846e-08,,,,
0.014661086840469845,1.732813348072155e-08,,,,
0.014831025143361045,1.7225770646900457e-08,,,,
0.015002933220192183,1.7124012503120536e-08,,,,
0.015176833902834053,1.7022855477284e-08,,,,
0.015352750287804227,1.6922296018394772e-08,,,,
0.015530705739334601,1.6822330596433458e-08,,,,
0.015710723892474503,1.672295570223369e-08,,,,
0.01589282865622978,1.6624167847358857e-08,,,,
0.016077044216738237,1.652596356397967e-08,,,,
0.016263395040481923,1.6428339404752416e-08,,,,
0.016451905877536626,1.6331291942697943e-08,,,,
0.016642601764859037,1.6234817771081363e-08,,,,
0.016835508029612024,1.6138913503292464e-08,,,,
0.017030650292528444,1.6043575772726765e-08,,,,
0.01722805447131394,1.5948801232667568e-08,,,,
0.01742774678408919,1.5854586556168135e-08,,,,
0.017629753752872058,1.576092843593512e-08,,,,
0.01783410220710008,1.5667823584212416e-08,,,,
0.018040819287193827,1.5575268732665756e-08,,,,
0.018249932448161525,1.5483260632267956e-08,,,,
0.018461469463245474,1.5391796053184882e-08,,,,
0.018675458427610758,1.530087178466201e-08,,,,
0.018891927762076665,1.521048463491194e-08,,,,
0.01911090621689138,1.512063143100201e-08,,,,
0.019332422875550453,1.5031309018743145e-08,,,,
0.019556507158659493,1.4942514262579076e-08,,,,
0.019783188827841643,1.4854244045476271e-08,,,,
0.020012497989690372,1.4766495268814509e-08,,,,
0.020244465099768037,1.4679264852278113e-08,,,,
0.020479120966650853,1.4592549733747818e-08,,,,
0.020716496756020688,1.4506346869193225e-08,,,,
0.02095662399480433,1.4420653232566153e-08,,,,
0.02119953457536071,1.4335465815694103e-08,,,,
0.021445260759716676,1.4250781628174861e-08,,,,
0.021693835183851845,1.4166597697271486e-08,,,,
0.021945290862033135,1.4082911067807936e-08,,,,
0.022199661191199548,1.3999718802065347e-08,,,,
0.02245697995539774,1.3917017979678898e-08,,,,
0.02271728133026905,1.3834805697535298e-08,,,,
0.02298059988758851,1.375307906967083e-08,,,,
0.02324697059985648,1.3671835227170235e-08,,,,
0.023516428844943486,1.3591071318065703e-08,,,,
0.023789010410788933,1.3510784507236967e-08,,,,
0.024064751500154243,1.343097197631172e-08,,,,
0.024343688735431104,1.3351630923566684e-08,,,,
0.024625859163505466,1.3272758563829258e-08,,,,
0.024911300260677886,1.3194352128379745e-08,,,,
0.025200049937640922,1.3116408864854164e-08,,,,
0.025492146544514233,1.3038926037147584e-08,,,,
0.02578762887593801,1.2961900925318259e-08,,,,
0.02608653617622548,1.2885330825491872e-08,,,,
0.026388908144575104,1.2809213049766803e-08,,,,
0.02669478494034321,1.2733544926119727e-08,,,,
0.027004207188377725,1.2658323798311823e-08,,,,
0.02731721598441376,1.2583547025795512e-08,,,,
0.027633852900531698,1.2509211983621785e-08,,,,
0.027954159990678566,1.2435316062348042e-08,,,,
0.02827817979625341,1.2361856667946456e-08,,,,
0.02860595535175742,1.2288831221713082e-08,,,,
0.028937530190509504,1.2216237160177073e-08,,,,
0.02927294835042816,1.2144071935010872e-08,,,,
0.029612254379880344,1.2072333012940707e-08,,,,
0.029955493343598132,1.2005087792201793e-08,,,,
0.030302710828663964,1.1948775410909226e-08,,,,
0.030653952950565267,1.1892727174647646e-08,,,,
0.031009266359319266,1.1836941844389399e-08,,,,
0.031368698245668764,1.17814181869188e-08,,,,
0.03173229634734976,1.172615497480469e-08,,,,
0.032100108955431715,1.1671150986373565e-08,,,,
0.03247218492073129,1.1616405005682386e-08,,,,
0.03284857366030044,1.1561915822491758e-08,,,,
0.033229325163989715,1.1507682232239163e-08,,,,
0.03361449000108765,1.1453703036012336e-08,,,,
0.03400411932703706,1.1399977040522804e-08,,,,
0.03439826489022924,1.1346503058079343e-08,,,,
0.034796979038876914,1.129327990656196e-08,,,,
0.03520031472796679,1.124030640939561e-08,,,,
0.035608325526292776,1.1187581395524215e-08,,,,
0.0360210656235707,1.1135103699384781e-08,,,,
0.03643858983763545,1.1082872160881638e-08,,,,
0.03686095362172158,1.1030885625360818e-08,,,,
0.037288213071828336,1.0979142943584387e-08,,,,
0.03772042493416997,1.092764297170527e-08,,,,
0.03815764661271248,1.087638457124181e-08,,,,
0.038599936176797675,1.0825366609052629e-08,,,,
0.0390473523688556,1.077458795731159e-08,,,,
0.03949995461220643,1.0724047493482906e-08,,,,
0.039957803018952694,1.0673744100296155e-08,,,,
0.04042095839796308,1.0623676665721825e-08,,,,
0.040889482262948626,1.0573844082946572e-08,,,,
0.041363436840632754,1.0524245250348796e-08,,,,
0.041842885079015825,1.0474879071474279e-08,,,,
0.04232789065573551,1.0425744455011952e-08,,,,
0.042818517986524134,1.0376840314769812e-08,,,,
0.043314832233764006,1.032816556965075e-08,,,,
0.043816899315141926,1.0279719143628882e-08,,,,
0.044324785912403984,1.0231499965725615e-08,,,,
0.044838559480211884,1.0183506969986003e-08,,,,
0.04535828825510189,1.0135739095455184e-08,,,,
0.04588404126454759,1.008819528615493e-08,,,,
0.046415888336127795,1.0040874491060337e-08,,,,
0.0469539001068006,9.99377566407644e-09,,,,
0.04749814803228502,9.946897764015317e-09,,,,
0.04804870439655132,9.900239754572918e-09,,,,
0.048605642321421366,9.853800604306189e-09,,,,
0.04916903577628029,9.807579286610283e-09,,,,
0.04973895958790065,9.761574779695853e-09,,,,
0.05031548945038054,9.71578606656651e-09,,,,
0.05089870193519682,9.670212134996188e-09,,,,
0.05148867450137495,9.624851977506993e-09,,,,
0.05208548550577663,9.579704591346772e-09,,,,
0.052689214213506745,9.534768978467e-09,,,,
0.0532999408084409,9.490044145500701e-09,,,,
0.053917746403875026,9.445529103740537e-09,,,,
0.05454271305329834,9.401222869116797e-09,,,,
0.05517492376129126,9.357124462175868e-09,,,,
0.05581446249454964,9.313232908058428e-09,,,,
0.0564614141930367,9.26954723647794e-09,,,,
0.05711586478126432,9.226066481699197e-09,,,,
0.05777790117970504,9.18278968251698e-09,,,,
0.05844761131633634,9.139715882234832e-09,,,,
0.05912508413831878,9.096844128643788e-09,,,,
0.05981040962380941,9.054173474001513e-09,,,,
0.06050367879391221,9.011702975011227e-09,,,,
0.061204983724766994,8.969431692800878e-09,,,,
0.061914417559778445,8.92735869290239e-09,,,,
0.0626320745219869,8.88548304523101e-09,,,,
0.0633580499265825,8.843803824064772e-09,,,,
0.06409244019356454,8.802320108023903e-09,,,,
0.06483534286054723,8.761030980050658e-09,,,,
0.06558685659571432,8.719935527388907e-09,,,,
0.06634708121092348,8.679032841563994e-09,,,,
0.06711611767496284,8.638322018362658e-09,,,,
0.0678940681269611,8.597802157813064e-09,,,,
0.06868103588995304,8.557472364164799e-09,,,,
0.06947712548460236,8.52155682097788e-09,,,,
0.07028244264308349,8.48966621915062e-09,,,,
0.07109709432312435,8.457894962943654e-09,,,,
0.0719211887222119,8.426242605724604e-09,,,,
0.07275483529196229,8.394708702532433e-09,,,,
0.07359814475265768,8.363292810071415e-09,,,,
0.07445122910795139,8.331994486704674e-09,,,,
0.07531420165974372,8.30081329244821e-09,,,,
0.07618717702322995,8.2697487889645e-09,,,,
0.07707027114212299,8.238800539556441e-09,,,,
0.07796360130405233,8.207968109161281e-09,,,,
0.07886728615614153,8.177251064344309e-09,,,,
0.07978144572076624,8.146648973292992e-09,,,,
0.08070620141149504,8.116161405810672e-09,,,,
0.08164167604921468,8.085787933310752e-09,,,,
0.08258799387844268,8.055528128810437e-09,,,,
0.08354528058382867,8.025381566924965e-09,,,,
0.08451366330684718,7.995347823861394e-09,,,,
0.0854932706626838,7.965426477412876e-09,,,,
0.08648423275731722,7.935617106952494e-09,,,,
0.0874866812047991,7.905919293427574e-09,,,,
0.08850074914473434,7.87633261935357e-09,,,,
0.08952657125996397,7.846856668808417e-09,,,,
0.09056428379445289,7.817491027426463e-09,,,,
0.09161402457138516,7.788235282392867e-09,,,,
0.09267593301146879,7.759089022437599e-09,,,,
0.09375015015145284,7.730051837829746e-09,,,,
0.09483681866285923,7.701123320371827e-09,,,,
0.09593608287093142,7.672303063393871e-09,,,,
0.09704808877380301,7.643590661747915e-09,,,,
0.09817298406188836,7.614985711802088e-09,,,,
0.09931091813749796,7.58648781143516e-09,,,,
0.10046204213468131,7.558096560030666e-09,,,,
0.10162650893929952,7.529811558471496e-09,,,,
0.10280447320933098,7.501632409134066e-09,,,,
0.10399609139541204,7.473558715882941e-09,,,,
0.1052015217616159,7.445590084065059e-09,,,,
0.10642092440647247,7.417726120504389e-09,,,,
0.10765446128423159,7.3899664334961946e-09,,,,
0.10890229622637305,7.3623106328017394e-09,,,,
0.1101645949633657,7.33475832964259e-09,,,,
0.11144152514667881,7.3075062874301764e-09,,,,
0.11273325637104871,7.281733192862893e-09,,,,
0.11403996019700331,7.256050998306863e-09,,,,
0.11536181017364786,7.2304593831636685e-09,,,,
0.11669898186171475,7.204958027965721e-09,,,,
0.11805165285688056,7.1795466143720736e-09,,,,
0.11942000281335324,7.154224825164649e-09,,,,
0.12080421346773289,7.128992344244072e-09,,,,
0.12220446866314887,7.10384885662591e-09,,,,
0.12362095437367691,7.093015949244828e-09,,,,
0.12505385872903912,7.10937798728615e-09,,,,
0.1265033720395904,7.1257777689742915e-09,,,,
0.12796968682159415,7.142215381375622e-09,,,,
0.1294529978227916,7.158690911757283e-09,,,,
0.13095350204826678,7.1752044475878185e-09,,,,
0.13247139878661174,7.191756076537447e-09,,,,
0.13400688963639507,7.2083458864787214e-09,,,,
0.1355601785329369,7.224973965486796e-09,,,,
0.13713147177539456,7.241640401840096e-09,,,,
0.1387209780541621,7.258345284020588e-09,,,,
0.1403289084785873,7.275088700714445e-09,,,,
0.14195547660501015,7.291870740812319e-09,,,,
0.14360089846512605,7.308691493409989e-09,,,,
0.14526539259467813,7.341434083050478e-09,,,,
0.14694918006248173,7.387659183976649e-09,,,,
0.14865248449978571,7.434175339747344e-09,,,,
0.15037553212997384,7.480984382979926e-09,,,,
0.15211855179861047,7.528088157830775e-09,,,,
0.15388177500383463,7.575488520067908e-09,,,,
0.15566543592710622,7.623187337144215e-09,,,,
0.15746977146430868,7.671186488270853e-09,,,,
0.1592950212572123,7.719487864491404e-09,,,,
0.161141427725302,7.76809336875634e-09,,,,
0.1630092360979741,7.858578776892957e-09,,,,
0.1648986944471065,7.990768482897803e-09,,,,
0.1668100537200059,8.125181761239294e-09,,,,
0.16874356777273758,8.261856014784007e-09,,,,
0.1706994934038408,8.400829275554762e-09,,,,
0.1726780903884356,8.542140215313713e-09,,,,
0.17467962151272456,8.685828156323442e-09,,,,
0.17670435260889467,8.831933082289072e-09,,,,
0.17875255259042355,8.980495649483548e-09,,,,
0.18082449348779517,9.13155719806355e-09,,,,
0.18292045048462938,9.285159763570717e-09,,,,
0.18504070195423022,9.441346088629366e-09,,,,
0.18718552949655792,9.60015963484053e-09,,,,
0.18935521797562951,9.761644594875885e-09,,,,
0.1915500555573528,9.925845904775153e-09,,,,
0.1937703337477989,1.040448509411838e-08,,,,
0.19601634743191856,1.1307955685588299e-08,,,,
0.19828839491270714,1.2289878896507113e-08,,,,
0.2005867779508234,1.335706713843148e-08,,,,
0.2005867779508234,2.816318618931e-08,,,,
0.24682684522556925,3.1935902644583236e-08,,,,
0.24968784288843268,3.189271647314239e-08,,,,
0.25258200269627845,3.184958870134737e-08,,,,
0.2555097090352507,3.180651925022571e-08,,,,
0.2584713507469564,3.176350804091173e-08,,,,
0.26146732118010924,3.172055499464641e-08,,,,
0.26449801824277197,3.1677660032777215e-08,,,,
0.26756384445520454,3.1634823076757985e-08,,,,
0.27066520700332414,3.159204404814877e-08,,,,
0.27380251779278575,3.154932286861569e-08,,,,
0.27697619350368907,3.150665945993091e-08,,,,
0.28018665564591955,3.146405374397204e-08,,,,
0.2834343306151309,3.142150564272269e-08,,,,
0.28671964974937697,3.137901507827183e-08,,,,
0.2900430493863992,3.1336581972813786e-08,,,,
0.2934049709215787,3.129420624864813e-08,,,,
0.29680586086656024,3.125188782817948e-08,,,,
0.30024617090855493,3.1209626633917386e-08,,,,
0.30372635797033115,3.11674225884762e-08,,,,
0.30724688427090036,3.1125275614574913e-08,,,,
0.3108082173869064,3.1083185635037016e-08,,,,
0.3144108303147265,3.1041152572790376e-08,,,,
0.318055201533292,3.099917635086707e-08,,,,
0.32174181506763716,3.118088133036554e-08,,,,
0.3254711605531848,3.154743111512033e-08,,,,
0.3292437333007769,3.1918289910363845e-08,,,,
0.33306003436245885,3.229350837107461e-08,,,,
0.3369205705980267,3.267313774771007e-08,,,,
0.34082585474234517,3.3057229893207684e-08,,,,
0.3447764054734464,3.344583727006668e-08,,,,
0.34877274748141773,3.38390129575141e-08,,,,
0.3528154115380883,3.4236810658755215e-08,,,,
0.356904934567523,3.463928470830788e-08,,,,
0.3610418597173337,3.5046490079424995e-08,,,,
0.36522673643081754,3.545848239160219e-08,,,,
0.36946012051993027,3.587531791817584e-08,,,,
0.3737425742391064,3.629705359400829e-08,,,,
0.3780746663599349,3.672374702326553e-08,,,,
0.3824569722466999,3.715545648728424e-08,,,,
0.38689007393279756,3.759224095253336e-08,,,,
0.3913745601980384,3.803416007866717e-08,,,,
0.39591102664684585,3.848127422667516e-08,,,,
0.40050007578736113,3.855703199447977e-08,,,,
0.40514231711146476,3.849821577647836e-08,,,,
0.40983836717572614,3.843948927875173e-08,,,,
0.4145888496832911,3.8380852364437365e-08,,,,
0.41939439556671865,3.832230489688166e-08,,,,
0.4242556430717777,3.826384673963945e-08,,,,
0.4291732378422157,3.820547775647373e-08,,,,
0.43414783300550924,3.814719781135531e-08,,,,
0.4391800892596086,3.80890067684625e-08,,,,
0.4442706749606883,3.8030904492180797e-08,,,,
0.4494202662119142,3.7972890847102566e-08,,,,
0.4546295469532399,3.791496569802674e-08,,,,
0.45989920905224385,3.785712890995848e-08,,,,
0.46522995239601894,3.779938034810888e-08,,,,
0.4706224849841282,3.774171987789464e-08,,,,
0.4760775230226368,3.768414736493775e-08,,,,
0.4815957910192351,3.7626662675065216e-08,,,,
0.4871780218794631,3.756926567430868e-08,,,,
0.4928249570040513,3.751195622890417e-08,,,,
0.4985373463873894,3.745473420529174e-08,,,,
0.5043159487171359,3.7436424675806774e-08,,,,
0.5101615314749833,3.7437700020394566e-08,,,,
0.5160748710385907,3.743897540842932e-08,,,,
0.5220567527846975,3.7440250839912646e-08,,,,
0.5281079711934331,3.744152631484616e-08,,,,
0.5342293299538352,3.7442801833231074e-08,,,,
0.5404216420705915,3.744407739506914e-08,,,,
0.546685729972018,3.7445353000361556e-08,,,,
0.55302242561929,3.744662864910995e-08,,,,
0.5594325706169377,3.781706469970836e-08,,,,
0.5659170163246242,3.8240401152449905e-08,,,,
0.5724766239702178,3.866847657035566e-08,,,,
0.5791122647641759,3.91013440029342e-08,,,,
0.5858248200152536,3.95390570935474e-08,,,,
0.5926151812475553,3.998167008605875e-08,,,,
0.5994842503189409,4.0429237831554476e-08,,,,
0.6064329395408061,4.088181579514222e-08,,,,
0.6134621717992506,4.1339460062823366e-08,,,,
0.62057288067765,4.180222734844474e-08,,,,
0.62776601058065,4.227017500072571e-08,,,,
0.62776601058065,8.197371229405e-08,,,,
0.5659170163246242,1.2556116357010064e-07,,,,
0.5594325706169377,1.2953773627545948e-07,,,,
0.55302242561929,1.3364024864266428e-07,,,,
0.546685729972018,1.378726892316135e-07,,,,
0.5404216420705915,1.4223917292150667e-07,,,,
0.5342293299538352,1.4674394491142795e-07,,,,
0.5281079711934331,1.5139138484762825e-07,,,,
0.5220567527846975,1.5618601108152298e-07,,,,
0.5160748710385907,1.6113248506253946e-07,,,,
0.5101615314749833,1.6623561587008888e-07,,,,
0.5043159487171359,1.7053526788993697e-07,,,,
0.4985373463873894,1.7426014766407087e-07,,,,
0.4928249570040513,1.7806638732055306e-07,,,,
0.4871780218794631,1.8195576394504988e-07,,,,
0.4815957910192351,1.859300934388375e-07,,,,
0.4760775230226368,1.899912313666246e-07,,,,
0.4706224849841282,1.941410738228905e-07,,,,
0.46522995239601894,1.9838155831714917e-07,,,,
0.45989920905224385,2.0271466467854787e-07,,,,
0.4546295469532399,2.0714241598022463e-07,,,,
0.4494202662119142,2.1166687948385537e-07,,,,
0.4442706749606883,2.16290167604834e-07,,,,
0.4391800892596086,2.2101443889853056e-07,,,,
0.43414783300550924,2.2584189906809515e-07,,,,
0.4291732378422157,2.3077480199427268e-07,,,,
0.4242556430717777,2.3581545078771138e-07,,,,
0.41939439556671865,2.409661988642578e-07,,,,
0.4145888496832911,2.462294510437348e-07,,,,
0.40983836717572614,2.516076646727236e-07,,,,
0.40514231711146476,2.571033507718674e-07,,,,
0.40050007578736113,2.627190752082356e-07,,,,
0.39591102664684585,2.684574598932962e-07,,,,
0.3913745601980384,2.743211840070513e-07,,,,
0.38689007393279756,2.8031298524891416e-07,,,,
0.3824569722466999,2.864356611159064e-07,,,,
0.3780746663599349,2.9269207020877414e-07,,,,
0.3737425742391064,2.9908513356663443e-07,,,,
0.36946012051993027,3.0561783603076936e-07,,,,
0.36522673643081754,3.122932276382127e-07,,,,
0.3610418597173337,3.1911442504577383e-07,,,,
0.356904934567523,3.2608461298516504e-07,,,,
0.3528154115380883,3.3320704574991515e-07,,,,
0.34877274748141773,3.4048504871475534e-07,,,,
0.3447764054734464,3.479220198881969e-07,,,,
0.34082585474234517,3.5552143149901855e-07,,,,
0.3369205705980267,3.6328683161740646e-07,,,,
0.33306003436245885,3.7122184581150334e-07,,,,
0.3292437333007769,3.7933017884014324e-07,,,,
0.3254711605531848,3.855482932256294e-07,,,,
0.32174181506763716,3.917739245613881e-07,,,,
0.318055201533292,3.981000841220405e-07,,,,
0.3144108303147265,4.045283951845613e-07,,,,
0.3108082173869064,4.110605072377493e-07,,,,
0.30724688427090036,4.176980964054818e-07,,,,
0.30372635797033115,4.244428658768043e-07,,,,
0.30024617090855493,4.3129654634296435e-07,,,,
0.29680586086656024,4.3826089644150203e-07,,,,
0.2934049709215787,4.4533770320751505e-07,,,,
0.2900430493863992,4.525287825322029e-07,,,,
0.28671964974937697,4.598359796288231e-07,,,,
0.2834343306151309,4.6726116950616785e-07,,,,
0.28018665564591955,4.748062574496864e-07,,,,
0.27697619350368907,4.824731795103767e-07,,,,
0.27380251779278575,4.902639030015714e-07,,,,
0.27066520700332414,4.981804270037455e-07,,,,
0.26756384445520454,5.062247828774753e-07,,,,
0.26449801824277197,5.143990347846815e-07,,,,
0.26146732118010924,5.227052802182853e-07,,,,
0.2584713507469564,5.311456505404257e-07,,,,
0.2555097090352507,5.397223115293548e-07,,,,
0.25258200269627845,5.48437463935175e-07,,,,
0.24968784288843268,5.572933440445461e-07,,,,
0.24682684522556925,5.6629222425451e-07,,,,
0.243998629725955,5.754364136555825e-07,,,,
0.2412028207618007,5.8472825862426e-07,,,,
0.23843904700937205,5.941701434250936e-07,,,,
0.23570694139967277,6.037644908224889e-07,,,,
0.23300614106969247,6.135137627023754e-07,,,,
0.23033628731421313,6.234204607039248e-07,,,,
0.227697025538168,6.33487126861464e-07,,,,
0.22508800520954617,6.437163442567552e-07,,,,
0.22250887981283693,6.541107376818083e-07,,,,
0.2199593068030075,6.646729743123954e-07,,,,
0.217438947560008,7.394827578972225e-07,,,,
0.21494746734379805,8.3779222078637e-07,,,,
0.21248453524988828,9.154991463714976e-07,,,,
0.21004982416539153,9.27860220611786e-07,,,,
0.20764301072557748,9.403881941408154e-07,,,,
0.2052637752709252,9.530853204336545e-07,,,,
0.2029118018046678,9.659538833917994e-07,,,,
0.2005867779508234,9.789961977539954e-07,,,,
0.19828839491270714,9.922146095126084e-07,,,,
0.19601634743191856,1.0056114963355997e-06,,,,
0.1937703337477989,1.0191892679942158e-06,,,,
0.1915500555573528,1.0329503667964526e-06,,,,
0.18935521797562951,1.046897268026356e-06,,,,
0.18718552949655792,1.0610324803892694e-06,,,,
0.18504070195423022,1.075358546463095e-06,,,,
0.18292045048462938,1.0898780431556294e-06,,,,
0.18082449348779517,1.104593582168093e-06,,,,
0.17875255259042355,1.1195078104649084e-06,,,,
0.17670435260889467,1.134623410749831e-06,,,,
0.17467962151272456,1.1499431019484905e-06,,,,
0.1726780903884356,1.165469639697465e-06,,,,
0.1706994934038408,1.1812058168399574e-06,,,,
0.16874356777273758,1.1971544639281485e-06,,,,
0.1668100537200059,1.213318449732349e-06,,,,
0.1648986944471065,1.2297006817570275e-06,,,,
0.1630092360979741,1.2463041067637875e-06,,,,
0.161141427725302,1.2631317113014217e-06,,,,
0.1592950212572123,1.2801865222431282e-06,,,,
0.15746977146430868,1.2974716073309547e-06,,,,
0.15566543592710622,1.3149900757276187e-06,,,,
0.15388177500383463,1.332745078575776e-06,,,,
0.15211855179861047,1.3507398095648197e-06,,,,
0.15037553212997384,1.3689775055053532e-06,,,,
0.14865248449978571,1.3874614469114218e-06,,,,
0.14694918006248173,1.40619495859058e-06,,,,
0.14526539259467813,1.4528200304943294e-06,,,,
0.14360089846512605,1.5128573339771553e-06,,,,
0.14195547660501015,1.575375659013806e-06,,,,
0.1403289084785873,1.640477532992985e-06,,,,
0.1387209780541621,1.708269720213546e-06,,,,
0.13713147177539456,1.778863396973414e-06,,,,
0.1355601785329369,1.8523743338939662e-06,,,,
0.13400688963639507,1.9289230857789117e-06,,,,
0.13247139878661174,2.0086351893190373e-06,,,,
0.13095350204826678,2.0916413689670373e-06,,,,
0.1294529978227916,2.1780777513200427e-06,,,,
0.12796968682159415,2.2680860883614127e-06,,,,
0.1265033720395904,2.361813989927989e-06,,,,
0.12505385872903912,2.4594151657839167e-06,,,,
0.12362095437367691,2.5610496776980956e-06,,,,
0.12220446866314887,2.6668842019386718e-06,,,,
0.12080421346773289,2.7770923026150233e-06,,,,
0.11942000281335324,3.0338117225601895e-06,,,,
0.11805165285688056,3.077911000482928e-06,,,,
0.11669898186171475,3.126943493326103e-06,,,,
0.11536181017364786,3.1817485190649512e-06,,,,
0.11403996019700331,3.242182419484141e-06,,,,
0.11273325637104871,3.3105953607983716e-06,,,,
0.11144152514667881,3.3861315441838093e-06,,,,
0.1101645949633657,3.472964220403067e-06,,,,
0.10890229622637305,3.5685682835699645e-06,,,,
0.10765446128423159,3.679628600640644e-06,,,,
0.10642092440647247,3.8032895084355326e-06,,,,
0.1052015217616159,3.946867740289437e-06,,,,
0.10399609139541204,4.108653074922626e-06,,,,
0.10280447320933098,4.297711225916619e-06,,,,
0.10162650893929952,4.51408937264471e-06,,,,
0.10046204213468131,4.768537193182601e-06,,,,
0.09931091813749796,4.853199036705195e-06,,,,
0.09817298406188836,4.904447887454277e-06,,,,
0.09704808877380301,4.957644962236218e-06,,,,
0.09593608287093142,5.016569742507569e-06,,,,
0.09483681866285923,5.077411866531549e-06,,,,
0.09375015015145284,5.14197796065325e-06,,,,
0.09267593301146879,5.210902497824583e-06,,,,
0.09161402457138516,5.284225314805004e-06,,,,
0.09056428379445289,5.362966746059363e-06,,,,
0.08952657125996397,5.445447239133279e-06,,,,
0.08850074914473434,5.534944551365426e-06,,,,
0.0874866812047991,5.628042570636586e-06,,,,
0.08648423275731722,5.732355895757765e-06,,,,
0.0854932706626838,5.842664463767676e-06,,,,
0.08451366330684718,5.962560537055172e-06,,,,
0.08354528058382867,6.0908789426835315e-06,,,,
0.08258799387844268,6.230431896892106e-06,,,,
0.08164167604921468,6.382826627227487e-06,,,,
0.08070620141149504,6.548466654889481e-06,,,,
0.07978144572076624,6.728691480807219e-06,,,,
0.07886728615614153,6.888687058154113e-06,,,,
0.07796360130405233,7.030521329970287e-06,,,,
0.07707027114212299,7.183118053815892e-06,,,,
0.07618717702322995,7.3484710431398495e-06,,,,
0.07531420165974372,7.52525708177303e-06,,,,
0.07445122910795139,7.645272603720527e-06,,,,
0.07359814475265768,7.71640292238957e-06,,,,
0.07275483529196229,7.793599917579572e-06,,,,
0.0719211887222119,7.873614438367418e-06,,,,
0.07109709432312435,7.957718030886954e-06,,,,
0.07028244264308349,8.04742895569197e-06,,,,
0.06947712548460236,8.143341949839926e-06,,,,
0.06868103588995304,8.245578545579055e-06,,,,
0.0678940681269611,8.35331989849977e-06,,,,
0.06711611767496284,8.468000206293115e-06,,,,
0.06634708121092348,8.591463975442637e-06,,,,
0.06558685659571432,8.72572814866261e-06,,,,
0.06483534286054723,8.868108136714104e-06,,,,
0.06409244019356454,9.02084417867225e-06,,,,
0.0633580499265825,9.18517851506131e-06,,,,
0.0626320745219869,9.324315642336322e-06,,,,
0.061914417559778445,9.45235628719881e-06,,,,
0.061204983724766994,9.586319029702767e-06,,,,
0.06050367879391221,9.728956467548545e-06,,,,
0.05981040962380941,9.87912502486398e-06,,,,
0.05912508413831878,1.003906360414347e-05,,,,
0.05844761131633634,1.0210481165490835e-05,,,,
0.05777790117970504,1.0392984258480972e-05,,,,
0.05711586478126432,1.0587473932436382e-05,,,,
0.0564614141930367,1.0795958652794443e-05,,,,
0.05581446249454964,1.1022412379643371e-05,,,,
0.05517492376129126,1.12613931712842e-05,,,,
0.05454271305329834,1.1523273110587117e-05,,,,
0.053917746403875026,1.1807283570348918e-05,,,,
0.0532999408084409,1.2077827629104823e-05,,,,
0.052689214213506745,1.219674868479562e-05,,,,
0.05208548550577663,1.2326175482959293e-05,,,,
0.05148867450137495,1.2468198122804714e-05,,,,
0.05089870193519682,1.2617162137182227e-05,,,,
0.05031548945038054,1.2776460696357305e-05,,,,
0.04973895958790065,1.2909285454911368e-05,,,,
0.04916903577628029,1.3029678556888879e-05,,,,
0.048605642321421366,1.315802604494796e-05,,,,
0.04804870439655132,1.3291711685152527e-05,,,,
0.04749814803228502,1.3430944551812701e-05,,,,
0.0469539001068006,1.3580070542658673e-05,,,,
0.046415888336127795,1.373646827349192e-05,,,,
0.04588404126454759,1.3902116049938451e-05,,,,
0.04535828825510189,1.4075912118506206e-05,,,,
0.044838559480211884,1.42611371060016e-05,,,,
0.044324785912403984,1.4460218307660098e-05,,,,
0.043816899315141926,1.4670554407227138e-05,,,,
0.043314832233764006,1.4896252317069613e-05,,,,
0.042818517986524134,1.5135280537523126e-05,,,,
0.04232789065573551,1.5392162404480185e-05,,,,
0.041842885079015825,1.5666908364809822e-05,,,,
0.041363436840632754,1.5963201084927348e-05,,,,
0.040889482262948626,1.6282853377738454e-05,,,,
0.04042095839796308,1.6629791321777662e-05,,,,
0.039957803018952694,1.7011112970010557e-05,,,,
0.03949995461220643,1.7327546104803965e-05,,,,
0.0390473523688556,1.761754924079313e-05,,,,
0.038599936176797675,1.7929972750824038e-05,,,,
0.03815764661271248,1.8263399257493214e-05,,,,
0.03772042493416997,1.861500067880753e-05,,,,
0.037288213071828336,1.8996200941883557e-05,,,,
0.03686095362172158,1.9216167594385652e-05,,,,
0.03643858983763545,1.9373069811615943e-05,,,,
0.0360210656235707,1.953839378124103e-05,,,,
0.035608325526292776,1.971293826750163e-05,,,,
0.03520031472796679,1.9900921792680925e-05,,,,
0.034796979038876914,2.009907349198738e-05,,,,
0.03439826489022924,2.0307323929777442e-05,,,,
0.03400411932703706,2.0530409192018365e-05,,,,
0.03361449000108765,2.0767419999932236e-05,,,,
0.033229325163989715,2.101968182142292e-05,,,,
0.03284857366030044,2.1284859731038766e-05,,,,
0.03247218492073129,2.157429819167549e-05,,,,
0.032100108955431715,2.1886506418163308e-05,,,,
0.03173229634734976,2.2220012125530022e-05,,,,
0.031368698245668764,2.2640489825795308e-05,,,,
0.031009266359319266,2.3260312779802344e-05,,,,
0.030653952950565267,2.3897104469789517e-05,,,,
0.030302710828663964,2.4551329444542656e-05,,,,
0.029955493343598132,2.5223464970682083e-05,,,,
0.029612254379880344,2.5914001380835563e-05,,,,
0.02927294835042816,2.66234424313429e-05,,,,
0.028937530190509504,2.735230566975349e-05,,,,
0.02860595535175742,2.8101122812384954e-05,,,,
0.02827817979625341,2.8870440132217943e-05,,,,
0.027954159990678566,2.9660818857409943e-05,,,,
0.027633852900531698,3.047283558071963e-05,,,,
0.02731721598441376,3.130708268013933e-05,,,,
0.027004207188377725,3.216416875104399e-05,,,,
0.02669478494034321,3.304471905016952e-05,,,,
0.026388908144575104,3.3949375951747364e-05,,,,
0.02608653617622548,3.4878799416125386e-05,,,,
0.02578762887593801,3.5833667471218894e-05,,,,
0.025492146544514233,3.681467670714155e-05,,,,
0.025200049937640922,3.782254278437793e-05,,,,
0.024911300260677886,3.88580009558685e-05,,,,
0.024625859163505466,3.992180660338745e-05,,,,
0.024343688735431104,4.101473578860395e-05,,,,
0.024064751500154243,4.2137585819231144e-05,,,,
0.023789010410788933,4.3291175830673544e-05,,,,
0.023516428844943486,4.447634738359798e-05,,,,
0.02324697059985648,4.569396507786429e-05,,,,
0.02298059988758851,4.694491718326377e-05,,,,
0.02271728133026905,4.823011628752493e-05,,,,
0.02245697995539774,4.955049996205916e-05,,,,
0.022199661191199548,5.0907031445932656e-05,,,,
0.021945290862033135,5.230070034856367e-05,,,,
0.021693835183851845,5.373252337165698e-05,,,,
0.021445260759716676,5.520354505090215e-05,,,,
0.02119953457536071,5.6714838517977505e-05,,,,
0.02095662399480433,5.826750628341564e-05,,,,
0.020716496756020688,5.9862681040900985e-05,,,,
0.020479120966650853,6.150152649358539e-05,,,,
0.020244465099768037,6.318523820302747e-05,,,,
0.020012497989690372,6.491504446137154e-05,,,,
0.019783188827841643,6.66922071874052e-05,,,,
0.019556507158659493,6.851802284714633e-05,,,,
0.019332422875550453,7.039382339963481e-05,,,,
0.01911090621689138,7.232097726861602e-05,,,,
0.02324697059985648,7.528776833372486e-05,,,,
0.023516428844943486,7.620218947251301e-05,,,,
0.023789010410788933,7.712771687779794e-05,,,,
0.024064751500154243,7.806448544273818e-05,,,,
0.024343688735431104,7.901263169886094e-05,,,,
0.024625859163505466,7.997229383596213e-05,,,,
0.024911300260677886,8.094361172224664e-05,,,,
0.025200049937640922,8.192672692471343e-05,,,,
0.025492146544514233,8.292178272978932e-05,,,,
0.02578762887593801,8.392892416421225e-05,,,,
0.02608653617622548,8.494829801616802e-05,,,,
0.026388908144575104,8.598005285668524e-05,,,,
0.02669478494034321,8.70243390612885e-05,,,,
0.027004207188377725,8.808130883191558e-05,,,,
0.02731721598441376,8.915111621909976e-05,,,,
0.027633852900531698,9.023391714442333e-05,,,,
0.027954159990678566,9.132986942324219e-05,,,,
0.02827817979625341,9.243913278768653e-05,,,,
0.02860595535175742,9.35618689099424e-05,,,,
0.028937530190509504,9.469824142581449e-05,,,,
0.02927294835042816,9.584841595857506e-05,,,,
0.029612254379880344,9.701256014310417e-05,,,,
0.029955493343598132,9.81908436503213e-05,,,,
0.030302710828663964,9.938343821191476e-05,,,,
0.030653952950565267,0.00010059051764537051,,,,
0.031009266359319266,0.00010181225787930657,,,,
0.031368698245668764,0.00010304883697911365,,,,
0.03173229634734976,0.00010430043517290718,,,,
0.032100108955431715,0.00010556723487779611,,,,
0.03247218492073129,0.00010684942072646927,,,,
0.03284857366030044,0.00010814717959410442,,,,
0.033229325163989715,0.00010946070062560602,,,,
0.03361449000108765,0.00011079017526317179,,,,
0.03400411932703706,0.00011213579727419536,,,,
0.03439826489022924,0.00011349776277950646,,,,
0.034796979038876914,0.00011487627028195627,,,,
0.03520031472796679,0.0001162715206953481,,,,
0.035608325526292776,0.00011768371737371934,,,,
0.0360210656235707,0.0001191130661409811,,,,
0.03643858983763545,0.00012055977532091585,,,,
0.03686095362172158,0.00012202405576753937,,,,
0.037288213071828336,0.00012350612089583353,,,,
0.03772042493416997,0.00012500618671284998,,,,
0.03815764661271248,0.0001265244718491932,,,,
0.038599936176797675,0.00012806119759088425,,,,
0.0390473523688556,0.00012961658791161415,,,,
0.03949995461220643,0.00013119086950538663,,,,
0.039957803018952694,0.00013278427181955758,,,,
0.04042095839796308,0.00013439702708827793,,,,
0.040889482262948626,0.0001360293703663394,,,,
0.041363436840632754,0.00013768153956343466,,,,
0.041842885079015825,0.00013935377547883134,,,,
0.04232789065573551,0.00014104632183646723,,,,
0.042818517986524134,0.00014275942532047378,,,,
0.043314832233764006,0.0001444933356111287,,,,
0.043816899315141926,0.00014624830542124672,,,,
0.044324785912403984,0.00014802459053301072,,,,
0.044838559480211884,0.00014982244983525295,,,,
0.04535828825510189,0.00015164214536118653,,,,
0.04588404126454759,0.0001534839423265953,,,,
0.046415888336127795,0.00015534810916849,,,,
0.0469539001068006,0.00015723491758423138,,,,
0.04749814803228502,0.00015914464257112845,,,,
0.04804870439655132,0.0001610775624665205,,,,
0.048605642321421366,0.0001630339589883427,,,,
0.04916903577628029,0.0001650141172761864,,,,
0.04973895958790065,0.00016701832593285634,,,,
0.05031548945038054,0.00016904687706643536,,,,
0.05089870193519682,0.00017110006633285768,,,,
0.05148867450137495,0.00017317819297899887,,,,
0.05208548550577663,0.00017528155988629228,,,,
0.052689214213506745,0.0001774104736148722,,,,
0.0532999408084409,0.0001795652444482532,,,,
0.053917746403875026,0.00018174618643855512,,,,
0.05454271305329834,0.00018395361745227433,,,,
0.05517492376129126,0.00018618785921661096,,,,
0.05581446249454964,0.00018844923736636168,,,,
0.0564614141930367,0.0001907380814913793,,,,
0.05711586478126432,0.00019305472518460834,,,,
0.05777790117970504,0.0001953995060907076,,,,
0.05844761131633634,0.00019777276595525945,,,,
0.05912508413831878,0.00020017485067457908,,,,
0.05981040962380941,0.00020260611034612658,,,,
0.06050367879391221,0.0002050668993195348,,,,
0.061204983724766994,0.00020755757624825382,,,,
0.061914417559778445,0.00021007850414182268,,,,
0.0626320745219869,0.00021263005041877913,,,,
0.0633580499265825,0.0002152125869602086,,,,
0.06409244019356454,0.00021782649016394552,,,,
0.06483534286054723,0.00022047214099943079,,,,
0.06558685659571432,0.00022314992506323938,,,,
0.06634708121092348,0.00022586023263527883,,,,
0.06711611767496284,0.00022840644551892038,,,,
0.0678940681269611,0.00023041268835400448,,,,
0.06868103588995304,0.00023243655332888532,,,,
0.06947712548460236,0.0002344781952303136,,,,
0.07028244264308349,0.00023653777020463405,,,,
0.07109709432312435,0.00023861543576972645,,,,
0.0719211887222119,0.00024071135082705318,,,,
0.07275483529196229,0.00024282567567381053,,,,
0.07359814475265768,0.00024512376527253244,,,,
0.07445122910795139,0.0002513319512205999,,,,
0.07531420165974372,0.0002576973702820006,,,,
0.07618717702322995,0.0002642240046589644,,,,
0.07618717702322995,0.0003718428770611,,,,
0.07796360130405233,0.0003379764774016088,,,,
0.07886728615614153,0.00036428705349272113,,,,
0.07978144572076624,0.00021010741164167318,,,,
0.08070620141149504,0.0001854095935835053,,,,
0.08164167604921468,0.00018541590992173486,,,,
0.08258799387844268,0.00018882394064008006,,,,
0.08354528058382867,0.00019499282140745847,,,,
0.08451366330684718,0.00020136323959532077,,,,
0.0854932706626838,0.00020794177943399693,,,,
0.08451366330684718,0.000281564339954,,,,
0.08648423275731722,0.00025947886216050434,,,,
0.0874866812047991,0.00026384473908151724,,,,
0.08850074914473434,0.00027577104598889744,,,,
0.08952657125996397,0.0002987276524701991,,,,
0.09056428379445289,0.00032359528546716535,,,,
0.09161402457138516,0.0002853913584055704,,,,
0.09267593301146879,0.00025719526409036166,,,,
0.09375015015145284,0.0002604362939883809,,,,
0.09483681866285923,0.0002744392921461657,,,,
0.09593608287093142,0.0003168357266543791,,,,
0.09704808877380301,0.00034418551329544586,,,,
0.09817298406188836,0.00017535783656124018,,,,
0.09931091813749796,0.00017517738340821871,,,,
0.10046204213468131,0.00018002236145043488,,,,
0.10162650893929952,0.00018500133973727622,,,,
0.10280447320933098,0.00019011802438782176,,,,
0.10399609139541204,0.00019537622402334215,,,,
0.1052015217616159,0.00020077985260225645,,,,
0.10642092440647247,0.00023559767287203239,,,,
0.10765446128423159,0.00023423969472943855,,,,
0.10890229622637305,0.00021646398200269484,,,,
0.1101645949633657,0.00022084035132186912,,,,
0.11144152514667881,0.0002253052000649204,,,,
0.11273325637104871,0.0002240824080441586,,,,
0.11403996019700331,0.0002068762298312901,,,,
0.11536181017364786,0.00019099122881960023,,,,
0.11669898186171475,0.0001868282656448181,,,,
0.11805165285688056,0.00019518232311130831,,,,
0.11942000281335324,0.00020996932469815582,,,,
0.12080421346773289,0.0002480203063700478,,,,
0.12220446866314887,0.0002649311785530126,,,,
0.12362095437367691,0.0002620153651699199,,,,
0.12505385872903912,0.0002591316430179597,,,,
0.1265033720395904,0.00025627965890336307,,,,
0.12796968682159415,0.0002534590635195879,,,,
0.1294529978227916,0.00026402136810147776,,,,
0.13095350204826678,0.0002869539244570728,,,,
0.13247139878661174,0.00027867825192714053,,,,
0.13400688963639507,0.0002664356854733261,,,,
0.1355601785329369,0.0002554846321272054,,,,
0.13713147177539456,0.0002523224145926801,,,,
0.1387209780541621,0.0002491993368672791,,,,
0.1403289084785873,0.00014995311546217444,,,,
0.14195547660501015,0.00016162656943990018,,,,
0.14360089846512605,0.00017420877097748842,,,,
0.14526539259467813,0.00018777046367226207,,,,
0.14694918006248173,0.00020238789832374306,,,,
0.14865248449978571,0.00018950668206760531,,,,
0.15037553212997384,0.00018371309521770274,,,,
0.15211855179861047,0.00023781849629294754,,,,
0.15388177500383463,0.0002587536325560391,,,,
0.15566543592710622,0.00023677312191802428,,,,
0.15746977146430868,0.00021665980380262473,,,,
0.1592950212572123,0.00019825506461009485,,,,
0.161141427725302,0.00018141376459179017,,,,
0.1630092360979741,0.00017541235847912676,,,,
0.1648986944471065,0.00017985498173036992,,,,
0.1668100537200059,0.00018441012214701438,,,,
0.16874356777273758,0.0002330572704637262,,,,
0.1706994934038408,0.0003182827450031762,,,,
0.1726780903884356,0.00026391964737481233,,,,
0.17467962151272456,0.00021884183595862245,,,,
0.17670435260889467,0.00019901283438194633,,,,
0.17875255259042355,0.00018531179131380256,,,,
0.18082449348779517,0.00017255399686446325,,,,
0.18292045048462938,0.00016067451306150867,,,,
0.18504070195423022,0.00016359833361399937,,,,
0.18718552949655792,0.00016834134813213086,,,,
0.18935521797562951,0.00017322187130467374,,,,
0.1915500555573528,0.0001782438897586913,,,,
0.1937703337477989,0.0001932501963397933,,,,
0.19601634743191856,0.00020959893804254378,,,,
0.19828839491270714,0.00022733076426642606,,,,
0.2005867779508234,0.00024656268235227253,,,,
0.2029118018046678,0.0002336056274911259,,,,
0.2052637752709252,0.00019668486814980462,,,,
0.20764301072557748,0.00016559933840025196,,,,
0.21004982416539153,0.00013942679544475323,,,,
0.21248453524988828,0.00011739075455124836,,,,
0.21494746734379805,9.000379576899453e-05,,,,
0.217438947560008,6.32375512635747e-05,,,,
0.2199593068030075,4.443132487519918e-05,,,,
0.22250887981283693,3.4575436164378933e-05,,,,
0.22508800520954617,6.530013319316846e-05,,,,
0.227697025538168,6.240419271590523e-05,,,,
0.23033628731421313,4.799272779782908e-05,,,,
0.23300614106969247,5.618390743788779e-05,,,,
0.23570694139967277,6.5773120217016e-05,,,,
0.23843904700937205,7.699897604780556e-05,,,,
0.2412028207618007,7.295397358782347e-05,,,,
0.243998629725955,6.525613587958932e-05,,,,
0.24682684522556925,6.249275957479145e-05,,,,
0.24968784288843268,7.979109629434482e-05,,,,
0.25258200269627845,8.50219977281897e-05,,,,
0.2555097090352507,4.5605626939376595e-05,,,,
0.2584713507469564,5.30476346514948e-05,,,,
0.26146732118010924,6.170404248272238e-05,,,,
0.26449801824277197,7.177301841491832e-05,,,,
0.26756384445520454,7.639013017426272e-05,,,,
0.27066520700332414,5.7377754894512084e-05,,,,
0.27380251779278575,5.360811751827653e-05,,,,
0.27697619350368907,6.409610232704001e-05,,,,
0.28018665564591955,7.66359746192872e-05,,,,
0.2834343306151309,6.345420532639431e-05,,,,
0.28671964974937697,4.164729668482556e-05,,,,
0.2900430493863992,5.540904715548197e-05,,,,
0.2934049709215787,4.7476578485355746e-05,,,,
0.29680586086656024,4.067973770332434e-05,,,,
0.30024617090855493,4.8776941876328337e-05,,,,
0.30372635797033115,7.271805048895883e-05,,,,
0.30724688427090036,9.495960663818716e-05,,,,
0.3108082173869064,9.271232933718078e-05,,,,
0.3144108303147265,9.0518235231076e-05,,,,
0.318055201533292,7.050610926642251e-05,,,,
0.32174181506763716,5.388781221430162e-05,,,,
0.3254711605531848,4.118644945037063e-05,,,,
0.3292437333007769,8.754742071123649e-05,,,,
0.33306003436245885,0.0001056925425994576,,,,
0.3369205705980267,9.900569775575157e-05,,,,
0.34082585474234517,8.62982509325419e-05,,,,
0.3447764054734464,7.200419466488523e-05,,,,
0.34877274748141773,6.326139686210438e-05,,,,
0.3528154115380883,7.521565184390371e-05,,,,
0.356904934567523,8.942885492451539e-05,,,,
0.3610418597173337,0.0001063278705568808,,,,
0.36522673643081754,0.00011898004753155347,,,,
0.36946012051993027,0.00011196819450088976,,,,
0.3737425742391064,9.449556468879455e-05,,,,
0.3780746663599349,7.817971543622243e-05,,,,
0.3824569722466999,6.817871927132929e-05,,,,
0.38689007393279756,7.967384611413247e-05,,,,
0.3913745601980384,9.310708418202714e-05,,,,
0.39591102664684585,0.00010880520456437964,,,,
0.40050007578736113,0.0001212706315066905,,,,
0.40514231711146476,0.00012067153976353203,,,,
0.40514231711146476,7.083771387371516e-05,,,,
0.43414783300550924,0.00012134641652493142,,,,
0.4391800892596086,0.00010399965420520454,,,,
0.4442706749606883,7.16856802501368e-05,,,,
0.4494202662119142,6.848634501526478e-05,,,,
0.4546295469532399,7.73940726220569e-05,,,,
0.45989920905224385,8.74603904718985e-05,,,,
0.46522995239601894,9.883599146993253e-05,,,,
0.4706224849841282,0.00011169116850653991,,,,
0.4760775230226368,0.00011566123902568965,,,,
0.4815957910192351,0.00011266814697753611,,,,
0.4871780218794631,0.0001097525104372449,,,,
0.4928249570040513,0.00010691232500414863,,,,
0.4985373463873894,8.417321828664097e-05,,,,
0.5043159487171359,0.00010079718157488184,,,,
0.5101615314749833,0.00012070432876691104,,,,
0.5160748710385907,0.00010296728999496892,,,,
0.5220567527846975,8.099821460037374e-05,,,,
0.5281079711934331,7.100241816745385e-05,,,,
0.5342293299538352,0.00010844808167054377,,,,
0.5404216420705915,0.00016564205447599877,,,,
0.546685729972018,0.00018018028026781384,,,,
0.55302242561929,0.00018397937869497885,,,,
0.5594325706169377,0.00018785858105381593,,,,
0.5659170163246242,0.0001918195763344881,,,,
0.5724766239702178,0.0001958640891394886,,,,
0.5791122647641759,0.0001913814741262552,,,,
0.5858248200152536,0.00018320257960952543,,,,
0.5926151812475553,0.00011412413424300771,,,,
0.5994842503189409,0.00012893067629057806,,,,
0.6064329395408061,0.0001731739120465372,,,,
0.6134621717992506,0.000213490263356287,,,,
0.62057288067765,0.0001503758957682745,,,,
0.62776601058065,0.00010592009992686666,,,,
0.6350425168595962,7.460682120095672e-05,,,,
0.642403365939419,7.85604189501439e-05,,,,
0.6498495354469889,9.505535970302114e-05,,,,
0.6573820143409586,0.00011501366119247491,,,,
0.6650018030431118,0.00013761811542100768,,,,
0.6727099135712337,0.00014681197571692918,,,,
0.6805073696735207,0.00015662005069586895,,,,
0.6883952069645496,0.00016708337422876885,,,,
0.6963744730628222,0.0001528290481577079,,,,
0.7044462277299037,0.00012728479896015912,,,,
0.7126115430111746,0.0001267217816153758,,,,
0.7208715033782136,0.00013114669793011082,,,,
0.7292272058728313,0.00013572612504908816,,,,
0.737679760252773,0.00014046545823561413,,,,
0.7462302891391108,0.000145370281146722,,,,
0.7548799281653431,0.00015044637241156945,,,,
0.7636298261282242,0.0001511263379314772,,,,
0.77248114514034,0.00014993381169704897,,,,
0.7814350607844542,0.0001487506955948274,,,,
0.790492762269642,0.00014757691537018735,,,,
0.7996554525892346,0.00014641239735444124,,,,
0.8089243486805938,0.00014525706846021616,,,,
0.818300681586739,0.00014411085617686495,,,,
0.8277856966198472,0.00014297368856591746,,,,
0.8373806535266489,0.00014184549425656328,,,,
0.8470868266557402,0.00014072620244117473,,,,
0.8569055051268347,0.0001396157428708607,,,,
0.8668379930019774,0.0001385140458510588,,,,
0.8768856094587426,0.00013742104223716167,,,,
0.8870496889654403,0.00013633666343017576,,,,
0.897331581458352,0.00013526084137241787,,,,
0.9077326525210223,0.00013419350854324168,,,,
0.9182542835656282,0.00013313459795480205,,,,
0.9288978720164498,0.0001320840431478488,,,,
0.9396648314954691,0.00013104177818755748,,,,
0.9505565920101191,0.00013000773765938954,,,,
0.9615746001432096,0.0001289818566649875,,,,
0.9727203192450538,0.00012796407081810246,,,,
0.9839952296278226,0.00012695431624055155,,,,
0.9954008287621519,0.00012595252955821054,,,,
1.0069386314760271,0.00012495864789703468,,,,
1.0186101701559753,0.00012397260887911428,,,,
1.0304169949505875,0.0001229943506187583,,,,
1.042360673976401,0.00012202381171861083,,,,
1.0544427935261684,0.00014744251758205023,,,,
1.0666649582795389,0.00018723664742609705,,,,
1.0790287915161836,0.0002026543978546639,,,,
1.0915359353313911,0.00021934170224900232,,,,
1.1041880508541602,0.0002151655431091824,,,,
1.1169868184678227,0.00018065712557125256,,,,
1.1299339380332216,0.00015561983725554873,,,,
1.1430311291144786,0.0001536936792162922,,,,
1.1562801312073754,0.00015179136187021223,,,,
1.1562801312073754,0.0001975764916409,,,,
1.2108297502320393,0.00017063236841280332,,,,
1.2248646137509307,0.00015313357731441214,,,,
1.2390621569479157,0.00016742284387687967,,,,
1.2534242654613994,0.00017571874315323527,,,,
1.2679528467864338,0.0001525329883293347,,,,
1.2826498305280598,0.00015475755201232528,,,,
1.2975171686575868,0.00017681533200759726,,,,
1.3125568357718427,0.00018223834439599405,,,,
1.3277708293554291,0.00018558532808855537,,,,
1.3431611700460153,0.000188993782378182,,,,
1.3587299019027093,0.0001924648362319239,,,,
1.3744790926775368,0.00019599963935140337,,,,
1.3904108340900696,0.00019959936255362683,,,,
1.4065272421052364,0.00018786069775892107,,,,
1.422830457214352,0.00017257157521216964,,,,
1.4393226447194065,0.00015852676438701956,,,,
1.4560059950206485,0.00020906389620971682,,,,
1.4728827239075017,0.00022347063960688736,,,,
1.4899550728528537,0.00021010471283699502,,,,
1.5072253093107555,0.0001891869323267671,,,,
1.524695727017573,0.00017035170168210834,,,,
1.5423686462966273,0.00018902548711276595,,,,
1.560246414366368,0.00021151874510352253,,,,
1.5783314056521165,0.00019007342173462348,,,,
1.5966260221014252,0.00019406149733029612,,,,
1.6151326935030912,0.0002254442208181257,,,,
1.6338538778098621,0.00022345214923817747,,,,
1.6527920614648957,0.00021943719750425588,,,,
1.6719497597319901,0.00021549438576755778,,,,
1.6913295170296487,0.00021162241782839237,,,,
1.710933907269015,0.00020782002077697202,,,,
1.7307655341957258,0.0002040859445749444,,,,
1.750827031735725,0.00018004963515506003,,,,
1.7711210643450888,0.00018403020480178362,,,,
1.7916503273639013,0.00020252840638693406,,,,
1.8124175473742377,0.00022288599546911792,,,,
1.8334254825622907,0.00021698803636243044,,,,
1.8546769230846993,0.00018164630868792715,,,,
1.8761746914391215,0.000190957337027594,,,,
1.8979216428391015,0.00020074564040449316,,,,
1.9199206655932848,0.00021103568351283977,,,,
1.9421746814890264,0.00020944864991818862,,,,
1.9646866461804466,0.0002064875136933344,,,,
1.9874595495809837,0.00020356824132267853,,,,
2.0104964162604992,0.00020069024094480117,,,,
2.0338003058469822,0.00020068053767618557,,,,
2.0573743134329137,0.00020068737424884132,,,,
2.0812215699863392,0.00020069421105439855,,,,
2.105345242766706,0.0002007010480928645,,,,
2.105345242766706,0.0002151726244852,,,,
2.2302232979659387,0.000173601368359844,,,,
2.2560740664968613,0.00018204919730330948,,,,
2.2822244741868984,0.00019720391293972457,,,,
2.30867799418717,0.0002136201853938719,,,,
2.335438139906479,0.0002078665863659279,,,,
2.3625084654779474,0.00019235715145235916,,,,
2.38989256623105,0.00017203241117569952,,,,
2.4175940791691306,0.0001763894313792687,,,,
2.4456166834524464,0.00018085680070207983,,,,
2.473964100886814,0.00018543731392762027,,,,
2.5026400964179194,0.00019044421525158813,,,,
2.5316484786313556,0.00020272219634543727,,,,
2.560993100258459,0.00021579174162275725,,,,
2.590677858688009,0.00020820371672131252,,,,
2.6207066964838526,0.00019642305669537576,,,,
2.651083601908539,0.00018530897435033793,,,,
2.6818126094530155,0.00018156054209411072,,,,
2.7128978003724673,0.00018564295726335666,,,,
2.7443433032283653,0.00018981716613084742,,,,
2.776153294436801,0.00019408523269122472,,,,
2.8083319988231725,0.0001984492673483511,,,,
2.840883690183304,0.00019861661682057604,,,,
2.8738126918510662,0.0001937237582552424,,,,
2.9071233772725784,0.00018948064023868475,,,,
2.9408201705870636,0.00018713537587573316,,,,
2.9749075472144404,0.00018481913962312114,,,,
3.009390034449721,0.0001825315721903561,,,,
3.044272212064303,0.00018483021794900404,,,,
3.0795587129142263,0.00018779789413271475,,,,
3.115254223555488,0.00019081322000287336,,,,
3.1513634848664793,0.00019387696063372583,,,,
3.1878912926776457,0.0001969898933837246,,,,
3.2248424984084423,0.00020015280809276796,,,,
3.26222200971167,0.00019847151409984806,,,,
3.3000347911252854,0.00019534763701206228,,,,
3.338285864731761,0.0001940280642826748,,,,
3.3769803108250915,0.00019271740526330086,,,,
3.4161232685855283,0.00019141559974185504,,,,
3.4557199367621396,0.00019012258791298352,,,,
3.4957755743632752,0.00018883831037531877,,,,
3.536295501355043,0.00018756270812874803,,,,
3.5772850993678733,0.00019327901576958047,,,,
3.6187498124112802,0.00019959344390343758,,,,
3.6606951475969023,0.00020611416449226649,,,,
3.7031266758699273,0.00021254896167588523,,,,
3.746050032748993,0.0002158087153647913,,,,
3.7894709190746676,0.00022266047726410734,,,,
3.8333951017666013,0.00022972977737102302,,,,
3.8778284145894575,0.00023702352235749647,,,,
3.9227767589277196,0.0002423406175432797,,,,
3.9682461045694817,0.00021216449115756466,,,,
4.014242490499322,0.00022415682715180832,,,,
4.060772025700365,0.00023682701513633598,,,,
4.1078408899656464,0.00024099445062544784,,,,
4.155455334718876,0.00020391475863362806,,,,
4.203621683844713,0.00020307456874377443,,,,
4.252346334528682,0.00020223784068795222,,,,
4.301635758106795,0.00020140456020236884,,,,
4.35149650092505,0.00021379792840126027,,,,
4.401935185208875,0.0002343108577970909,,,,
4.452958509942655,0.00022306869481152202,,,,
4.504573251759458,0.00021220638301928975,,,,
4.556786265841064,0.0002293056253899983,,,,
4.609604486828434,0.00025154634224726347,,,,
4.663034929742731,0.0002183552795667001,,,,
4.717084690917018,0.0002022406468642008,,,,
4.771760948938746,0.00020478916961944987,,,,
4.827070965603183,0.00020712203122416444,,,,
4.8830220868778795,0.00020842651339431618,,,,
4.9396217438783205,0.00020973921136711426,,,,
4.996877453854884,0.00019995284947160678,,,,
5.054796821191241,0.00019560273095099888,,,,
5.113387538414326,0.00020489673854101115,,,,
5.172657387216019,0.00021463234823270802,,,,
5.2326142394866615,0.000224830542623136,,,,
5.293266058360562,0.00021823565040663559,,,,
5.354620899273607,0.00020046534646395628,,,,
5.416686911033152,0.00021878639646172543,,,,
5.479472336900287,0.0002366916930117094,,,,
5.542985515684669,0.00021153591356294044,,,,
5.607234882852032,0.00018905371015574333,,,,
5.672228971644543,0.0002008569272889724,,,,
5.737976414214134,0.00021651089800360756,,,,
5.804485942768978,0.0002008871184060292,,,,
5.871766390733256,0.00018639077623152983,,,,
5.939826693920357,0.00019649493533443975,,,,
6.008675891719687,0.0002096860927110843,,,,
6.07832312829723,0.00021304008594051936,,,,
6.148777653810023,0.0001868547993261216,,,,
6.220048825634712,0.00018980110326914488,,,,
6.292146109610344,0.00019279386417744808,,,,
6.365079081295571,0.00019583381457885748,,,,
6.4388574272404195,0.00019858143249942717,,,,
6.513490946272802,0.00016371148510150804,,,,
6.588989550799949,0.00017033746365080897,,,,
6.6653632681249135,0.00017758411668746272,,,,
6.742622241778342,0.00018513906350229204,,,,
6.820776732865685,0.00019406390419681173,,,,
6.899837121430019,0.00019545695599464675,,,,
6.9798139078306605,0.0001896919665465248,,,,
7.060717714137773,0.0001840970150649101,,,,
7.142559285543126,0.00017060885907413078,,,,
7.225349491787214,0.00015779211030214605,,,,
7.309099328602911,0.00017149772999478053,,,,
7.393819919175866,0.00018021605412938034,,,,
7.479522515621821,0.0001802221935396178,,,,
7.566218500481055,0.00018022833315900618,,,,
7.653919388230148,0.00017887578090659283,,,,
7.742636826811269,0.00015788064521711837,,,,
7.832382599179196,0.00014943303598685337,,,,
7.923168624866253,0.0001578795539051556,,,,
8.015006961565405,0.00016680350082349824,,,,
8.107909806731687,0.00016837948552880563,,,,
8.201889499202203,0.00016491660998690455,,,,
8.296958520834906,0.0001615249515946523,,,,
8.296958520834906,0.0001290737010502,,,,
8.58882855954625,0.00013536671044785207,,,,
8.688382635251184,0.0001468185766097911,,,,
8.789090653419954,0.0001434519802762847,,,,
8.890965989529159,0.0001221066708941164,,,,
8.994022174092045,0.00012211083069527988,,,,
9.098272894455558,0.00013110642036742907,,,,
9.098272894455558,0.0001047759745423,,,,
9.86265846131282,0.00019896905954602302,,,,
9.9769776423632,0.0008631580412318265,,,,
10.092621909870484,0.0032642375713530752,,,,
10.209606623060475,0.0032643487739519505,,,,
10.327947319189525,0.003264459980339161,,,,
10.447659715608053,0.0032645711905148304,,,,
10.56875971184805,0.0032646824044790935,,,,
10.691263391734772,0.003264793622232077,,,,
10.815187025522892,0.003264904843773906,,,,
10.940547072057436,0.0032650160691047162,,,,
10.815187025522892,0.0004847919160627,,,,
11.195643194838794,0.0005250645693019726,,,,
11.325413151528126,0.0007379530707935523,,,,
11.456687286348727,0.0006103832716683334,,,,
11.589483034398118,0.0005048664380946345,,,,
11.723818032865998,0.00047022989432358493,,,,
11.859710123376706,0.0005999126890672488,,,,
11.997177354358856,0.0007413084556436114,,,,
12.136237983442417,0.00046122353248121523,,,,
12.276910479883604,0.0006174935503637626,,,,
12.419213527017845,0.0007796582948078983,,,,
12.563166024741214,0.0007035968168598685,,,,
12.708787092020595,0.0006349557030202768,,,,
12.856096069432965,0.000573011041461646,,,,
13.005112521734098,0.0005171095433510521,,,,
13.155856240457052,0.0004887717251748772,,,,
13.30834724654076,0.000534394403814623,,,,
13.46260579298911,0.0005842755710269674,,,,
13.618652367560827,0.0006388127204590055,,,,
13.77650769549055,0.0006224879919298855,,,,
13.936192742241435,0.0006175593775577041,,,,
14.097728716289676,0.0006553243448796776,,,,
14.261137071941297,0.0006953987140319184,,,,
14.426439512181588,0.0007379237094663915,,,,
14.593657991557576,0.000607810656212079,,,,
14.76281471909391,0.0005538227325270984,,,,
14.933932161242533,0.0006120339717660526,,,,
15.107033044866556,0.0005784909546775129,,,,
15.282140360258708,0.00047769124880565786,,,,
15.459277364194785,0.0005222478401344877,,,,
15.638467583022479,0.0005746671540393902,,,,
15.819734815786015,0.0005398989059580701,,,,
16.00310313738702,0.0005072341904453793,,,,
16.18859690178199,0.0005542145849250124,,,,
16.37624074521689,0.0005091095959239537,,,,
16.56605958949915,0.00046767549557888573,,,,
16.758078645307688,0.0005060425279431582,,,,
16.952323415541215,0.0006057643796559398,,,,
17.14881969870541,0.0007251376384341372,,,,
17.347593592339326,0.0004933817948693869,,,,
17.54867149648152,0.0004942726270044088,,,,
17.75208011717636,0.0006036167276219457,,,,
17.957846470020968,0.0006067030860587838,,,,
18.165997883753285,0.0004968337465660808,,,,
18.376562003881723,0.0005194705469807911,,,,
18.589566796356884,0.0005740710942541234,,,,
18.805040551285835,0.000634410599741493,,,,
19.023011886689456,0.0004993039396945,,,,
19.466563433422632,0.0006596597410123,,,,
19.466563433422632,0.0005739300692918,,,,
20.151357338155584,0.0005998516864707011,,,,
20.384933982524643,0.0006216631030593623,,,,
20.621218039991444,0.0006442676121812847,,,,
20.86024089248505,0.0006676940517509506,,,,
21.102034285685967,0.0005669409022204371,,,,
21.346630333242455,0.000555002367475486,,,,
21.594061521035677,0.0005440410114166923,,,,
21.844360711494286,0.0005439679784948212,,,,
22.09756114795903,0.0005890742853140817,,,,
22.353696459097964,0.0006674554827094382,,,,
22.612800663372795,0.0007845277546853817,,,,
22.874908173557042,0.0006370099383772598,,,,
23.14005380130654,0.0005312813836777999,,,,
23.408272761782943,0.0006328077890843963,,,,
23.679600678330786,0.0007537356102218239,,,,
23.954073587208793,0.0006673349887257114,,,,
24.231727942376008,0.0006098465908891731,,,,
24.512600620333398,0.0006190758870897239,,,,
24.7967289250216,0.0006284448576110466,,,,
25.084150592775412,0.0007842171331138335,,,,
25.374903797335715,0.0007473197077736237,,,,
25.66902715491952,0.0006933918985462186,,,,
25.966559729348724,0.0006433556080059508,,,,
26.267541037238384,0.0005969300178160594,,,,
26.572011053245067,0.0005538545739490722,,,,
26.880010215376075,0.0006712815799570846,,,,
27.19157943036019,0.0006748303634938917,,,,
27.506760079080674,0.0006508219530099414,,,,
27.825594022071257,0.0006481403716047402,,,,
28.148123605075813,0.0006454698391182166,,,,
28.474391664672478,0.000642810310025517,,,,
28.80444153396298,0.0006401617389893613,,,,
29.138317048327885,0.0006375240808592754,,,,
29.476062551248585,0.000634897290670816,,,,
29.817722900196735,0.0008368506039219,,,,
32.697497445117676,0.0007701651138031058,,,,
33.07649780744242,0.0008947126368280014,,,,
33.45989120549975,0.0008902078812196251,,,,
33.84772855945983,0.0008828570716404825,,,,
34.240061379714255,0.0008755669606943312,,,,
34.636941773717346,0.000868337047167802,,,,
35.03842245290676,0.0008611668339862457,,,,
35.44455673970435,0.0008540558281795647,,,,
35.85539857459817,0.0008307439522402889,,,,
36.271002523306485,0.0007707961134401519,,,,
36.69142378402494,0.0007259695835210584,,,,
37.11671819475767,0.0008593177264072619,,,,
37.546942240733365,0.001017159632689116,,,,
37.98215306190736,0.001068386433277897,,,,
38.422408460550606,0.0010954451790291574,,,,
38.867766908926676,0.0011320930705198903,,,,
39.3182875570577,0.0012339330863613601,,,,
39.774030240580366,0.0011935567840598456,,,,
40.23505548869293,0.0011545016601962567,,,,
40.70142453219439,0.0011167244836581486,,,,
41.17319931161679,0.0010801834379255604,,,,
41.65044248545185,0.0008688253788315439,,,,
42.13321743847289,0.0008869242449921113,,,,
42.62158829015325,0.000944104449165054,,,,
43.115619903182285,0.0010049710738724651,,,,
43.615377892080055,0.0010697617834695835,,,,
44.1209286319119,0.0012214100789656654,,,,
44.63233926710397,0.0015166587171524918,,,,
45.14967772036102,0.001173993673568218,,,,
45.67301270168747,0.0010481346291390564,,,,
46.20241371751313,0.001071999554160057,,,,
46.737951079924635,0.0010964078584669082,,,,
47.27969591600391,0.0011213719142354301,,,,
47.827720177274855,0.0011469043753428978,,,,
48.38209664925957,0.0009110689569954,,,,
51.25186927053333,0.0011475021056190043,,,,
51.84593543892913,0.0012517267573130453,,,,
52.44688749495119,0.001504214628497,,,,
54.92116483887789,0.0013826808335976166,,,,
55.557762223988775,0.001674560412212431,,,,
56.20173848083188,0.0016331977888741835,,,,
56.85317913873753,0.0015248354615547551,,,,
57.51217071841614,0.0014236629516977846,,,,
58.17880074344935,0.0013292032164376963,,,,
58.8531577519145,0.0012911722567201165,,,,
59.535331308143704,0.0013405104817384261,,,,
60.22541201461928,0.0013917340171289878,,,,
60.92349152400712,0.0014449149042998198,,,,
61.629662551329425,0.0015001279375024908,,,,
62.34401888627864,0.00144604468881109,,,,
63.066655405674055,0.0013842464033176286,,,,
63.79766808606282,0.0015337589047077224,,,,
64.53715401646701,0.0018177527787428323,,,,
65.28521141127847,0.0021543315279118126,,,,
66.04193962330305,0.0018735898136244885,,,,
66.80743915695615,0.001846802608046745,,,,
67.5818116816111,0.0019030590351339373,,,,
68.36516004510239,0.0019610291188809307,,,,
69.15758828738525,0.0029571338104236013,,,,
